#nu,CO2/x=1/T=300K/P=1atm/L=10cm
4975.12438,0.0
4975.13438,0.037633220951071605
4975.144380000001,0.0360413646144601
4975.154380000001,0.034602596072959464
4975.164380000001,0.0333030094793272
4975.174380000001,0.03212995152252995
4975.1843800000015,0.03107213825335156
4975.194380000002,0.030119665371833505
4975.204380000002,0.029263952496919175
4975.214380000002,0.028497650080610004
4975.224380000002,0.027814531291829783
4975.234380000003,0.027209385512613007
4975.244380000003,0.026677923696176328
4975.254380000003,0.02621670048518627
4975.264380000003,0.025823055593374212
4975.2743800000035,0.025495077447603574
4975.284380000004,0.02523159265203401
4975.294380000004,0.02503218107798907
4975.304380000004,0.024897206943865567
4975.314380000004,0.024827847523714083
4975.324380000005,0.024826104224869788
4975.334380000005,0.024894799611263438
4975.344380000005,0.02503758794723271
4975.354380000005,0.02525901880953072
4975.364380000005,0.025564680719908986
4975.374380000006,0.02596141157205343
4975.384380000006,0.026457509265334408
4975.394380000006,0.02706284516460427
4975.404380000006,0.027788804178609215
4975.4143800000065,0.028648027008466383
4975.424380000007,0.029653948009009348
4975.434380000007,0.03082007000609316
4975.444380000007,0.03215882649858954
4975.454380000007,0.03367980757613662
4975.464380000008,0.03538709900173297
4975.474380000008,0.037275515228288585
4975.484380000008,0.0393256319504348
4975.494380000008,0.041497843157036265
4975.5043800000085,0.04372633410312896
4975.514380000009,0.045914923079923106
4975.524380000009,0.04793784052200346
4975.534380000009,0.04964879740793119
4975.544380000009,0.05090001307325381
4975.55438000001,0.05156878385968972
4975.56438000001,0.05158415596064959
4975.57438000001,0.050943762914202356
4975.58438000001,0.049713800543984596
4975.5943800000105,0.04801245841870497
4975.604380000011,0.045984099110910184
4975.614380000011,0.04377368419741753
4975.624380000011,0.04150814975648244
4975.634380000011,0.0392868008569627
4975.644380000012,0.03717936948070578
4975.654380000012,0.03522903685765641
4975.664380000012,0.03345781796860222
4975.674380000012,0.03187241213505141
4975.684380000012,0.030469424624418116
4975.694380000013,0.029239509523116106
4975.704380000013,0.028170385590869915
4975.714380000013,0.027248857492097798
4975.724380000013,0.02646203005292338
4975.7343800000135,0.025797926933985263
4975.744380000014,0.025245734955360383
4975.754380000014,0.024795861170840754
4975.764380000014,0.0244399174623007
4975.774380000014,0.02417068037685171
4975.784380000015,0.023982038527186878
4975.794380000015,0.023868930159819706
4975.804380000015,0.02382727392287898
4975.814380000015,0.02385389755013814
4975.8243800000155,0.023946469856993495
4975.834380000016,0.02410344115875137
4975.844380000016,0.024323996310886966
4975.854380000016,0.024608022884952927
4975.864380000016,0.024956093984885006
4975.874380000017,0.025369461984484136
4975.884380000017,0.025850059316438728
4975.894380000017,0.02640050628796886
4975.904380000017,0.02702412976387498
4975.914380000017,0.0277249968398435
4975.924380000018,0.028507965329259286
4975.934380000018,0.029378750883067687
4975.944380000018,0.030344010044776156
4975.954380000018,0.03141143909856782
4975.9643800000185,0.03258988950378933
4975.974380000019,0.03388950146438941
4975.984380000019,0.0353218574984237
4975.994380000019,0.036900157827215854
4976.004380000019,0.03863941901928067
4976.01438000002,0.040556696332093356
4976.02438000002,0.0426713281162587
4976.03438000002,0.04500519685999136
4976.04438000002,0.04758299532814333
4976.0543800000205,0.05043247737642579
4976.064380000021,0.053584660940714846
4976.074380000021,0.05707393400573747
4976.084380000021,0.06093799049084485
4976.094380000021,0.06521749009815792
4976.104380000022,0.06995529610456651
4976.114380000022,0.07519510569189358
4976.124380000022,0.08097926230650374
4976.134380000022,0.08734554008063419
4976.1443800000225,0.09432270245520312
4976.154380000023,0.10192459747233233
4976.164380000023,0.11014239574687519
4976.174380000023,0.11893442980197196
4976.184380000023,0.12821343261459434
4976.194380000024,0.1378322954172925
4976.204380000024,0.1475715681350482
4976.214380000024,0.15713382310236318
4976.224380000024,0.16615064970344795
4976.234380000024,0.17420679198015404
4976.244380000025,0.18088245022197244
4976.254380000025,0.18580918339578353
4976.264380000025,0.1887283788352972
4976.274380000025,0.1895366089607363
4976.2843800000255,0.18830280828054197
4976.294380000026,0.1852497311664335
4976.304380000026,0.18070408002227895
4976.314380000026,0.17503022699622134
4976.324380000026,0.16856664371658941
4976.334380000027,0.16158120884851127
4976.344380000027,0.15425417608342432
4976.354380000027,0.14668890042342858
4976.364380000027,0.13894238559835076
4976.3743800000275,0.13106200326945067
4976.384380000028,0.12311374206689758
4976.394380000028,0.1151925747377652
4976.404380000028,0.10741479664573095
4976.414380000028,0.09990005400586574
4976.424380000029,0.09275297765446311
4976.434380000029,0.08605116889457125
4976.444380000029,0.07984131956500992
4976.454380000029,0.07414169511148891
4976.464380000029,0.06894801245938863
4976.47438000003,0.06424018102425508
4976.48438000003,0.05998837975540449
4976.49438000003,0.05615784024611437
4976.50438000003,0.05271227097654388
4976.5143800000305,0.04961611949341243
4976.524380000031,0.04683593903471136
4976.534380000031,0.04434111059170694
4976.544380000031,0.04210413384091194
4976.554380000031,0.040100656816026224
4976.564380000032,0.03830936505801777
4976.574380000032,0.03671180512802757
4976.584380000032,0.03529218416447119
4976.594380000032,0.0340371663641537
4976.6043800000325,0.03293567347106552
4976.614380000033,0.03197868546528164
4976.624380000033,0.031159027969071947
4976.634380000033,0.030471124119765877
4976.644380000033,0.029910680960734595
4976.654380000034,0.02947427537834729
4976.664380000034,0.029158809779693647
4976.674380000034,0.028960840103404172
4976.684380000034,0.02887585962634902
4976.6943800000345,0.028897755030497393
4976.704380000035,0.02901878379986886
4976.714380000035,0.029230424560303985
4976.724380000035,0.029525196954352878
4976.734380000035,0.0298990964048579
4976.744380000036,0.030353930586442274
4976.754380000036,0.03089878566052243
4976.764380000036,0.03155001566589499
4976.774380000036,0.03232945533872078
4976.784380000036,0.0332610139427969
4976.794380000037,0.03436620743192103
4976.804380000037,0.035659195806706664
4976.814380000037,0.0371415305891579
4976.824380000037,0.03879650015783351
4976.8343800000375,0.04058310805604264
4976.844380000038,0.042430486373591876
4976.854380000038,0.04423478671799517
4976.864380000038,0.04586178763046313
4976.874380000038,0.04715860469204728
4976.884380000039,0.04797576694951788
4976.894380000039,0.04819619878859757
4976.904380000039,0.04776229158656277
4976.914380000039,0.046690297866343405
4976.9243800000395,0.04506559512652334
4976.93438000004,0.04302102349152129
4976.94438000004,0.04070764984965962
4976.95438000004,0.038268502889382196
4976.96438000004,0.03582169764776857
4976.974380000041,0.03345389087046906
4976.984380000041,0.031221432722121953
4976.994380000041,0.02915562366582757
4977.004380000041,0.027269188069858306
4977.0143800000415,0.02556226220999949
4977.024380000042,0.024027183826045424
4977.034380000042,0.02265197530482432
4977.044380000042,0.02142269595519258
4977.054380000042,0.020324926273946383
4977.064380000043,0.01934464249773899
4977.074380000043,0.018468704199596165
4977.084380000043,0.017685130975379267
4977.094380000043,0.01698327755657962
4977.104380000043,0.016353929041463582
4977.114380000044,0.015789276932920197
4977.124380000044,0.015282760350933391
4977.134380000044,0.014828833405028236
4977.144380000044,0.014422750120932734
4977.1543800000445,0.01406041448076053
4977.164380000045,0.013738285163331997
4977.174380000045,0.013453298945465599
4977.184380000045,0.013202778562017025
4977.194380000045,0.012984300022399458
4977.204380000046,0.012795502673375566
4977.214380000046,0.012633837789899889
4977.224380000046,0.012496280222048708
4977.234380000046,0.01237907950539598
4977.2443800000465,0.01227768658939063
4977.254380000047,0.012187018960456611
4977.264380000047,0.01210216522605803
4977.274380000047,0.012019425593336245
4977.284380000047,0.011937279914301853
4977.294380000048,0.011856739608576007
4977.304380000048,0.011780840710876242
4977.314380000048,0.011713578743639829
4977.324380000048,0.01165886020411743
4977.334380000048,0.011619865829360029
4977.344380000049,0.011598873075668764
4977.354380000049,0.011597377426904752
4977.364380000049,0.011616331515614642
4977.374380000049,0.011656384776241006
4977.3843800000495,0.011718071309898333
4977.39438000005,0.011801934471872152
4977.40438000005,0.011908596973857669
4977.41438000005,0.012038795268527143
4977.42438000005,0.012193405075309078
4977.434380000051,0.012373492544789467
4977.444380000051,0.012580422995476865
4977.454380000051,0.012816030862832508
4977.464380000051,0.013082803738891154
4977.4743800000515,0.013384002849339086
4977.484380000052,0.013723677610244768
4977.494380000052,0.014106610273333873
4977.504380000052,0.014538270349310533
4977.514380000052,0.015024834080388778
4977.524380000053,0.015573273252437885
4977.534380000053,0.016191487146962665
4977.544380000053,0.016888446705687777
4977.554380000053,0.01767432343713499
4977.5643800000535,0.018560574381782054
4977.574380000054,0.0195599443458292
4977.584380000054,0.02068632621444563
4977.594380000054,0.021954388106676086
4977.604380000054,0.023378831436023102
4977.614380000055,0.024973088071779222
4977.624380000055,0.02674720643245808
4977.634380000055,0.028704640061110336
4977.644380000055,0.03083769159761636
4977.654380000055,0.033121575740249695
4977.664380000056,0.03550758042013642
4977.674380000056,0.037916737197917445
4977.684380000056,0.040236680599751586
4977.694380000056,0.0423254433078555
4977.7043800000565,0.04402565091971474
4977.714380000057,0.04518965908113174
4977.724380000057,0.045710621572578235
4977.734380000057,0.0455490313290355
4977.744380000057,0.044743500216789786
4977.754380000058,0.043400705615108906
4977.764380000058,0.0416691200569833
4977.774380000058,0.03970764841596184
4977.784380000058,0.03765990476399353
4977.7943800000585,0.03563957829840701
4977.804380000059,0.03372668071915728
4977.814380000059,0.031971236619968674
4977.824380000059,0.030400312080651148
4977.834380000059,0.02902514484977278
4977.84438000006,0.027846605386915357
4977.85438000006,0.026858611668025584
4977.86438000006,0.02604999012974712
4977.87438000006,0.02540555844979972
4977.88438000006,0.024907157714106048
4977.894380000061,0.02453518416254598
4977.904380000061,0.02427084059718392
4977.914380000061,0.02409877737415161
4977.924380000061,0.02400920691658558
4977.9343800000615,0.023998422552437063
4977.944380000062,0.02406724008769139
4977.954380000062,0.024217877128574185
4977.964380000062,0.02445046196919891
4977.974380000062,0.024760363267755096
4977.984380000063,0.025137128429525323
4977.994380000063,0.0255654192183356
4978.004380000063,0.026027993419814537
4978.014380000063,0.026510285411489656
4978.0243800000635,0.027005432201118226
4978.034380000064,0.02751806107669706
4978.044380000064,0.02806537547702857
4978.054380000064,0.028675164057015166
4978.064380000064,0.029381663356030943
4978.074380000065,0.030220842893263173
4978.084380000065,0.031226349073683577
4978.094380000065,0.03242646734697133
4978.104380000065,0.0338416626627252
4978.1143800000655,0.035481870391910746
4978.124380000066,0.037342746794812046
4978.134380000066,0.03940046243287376
4978.144380000066,0.041605321614389165
4978.154380000066,0.043875581641715664
4978.164380000067,0.04609426868491431
4978.174380000067,0.04811301262797703
4978.184380000067,0.049766730062086956
4978.194380000067,0.050899939228738415
4978.204380000067,0.05139952794159236
4978.214380000068,0.05122286717602025
4978.224380000068,0.05040926527577598
4978.234380000068,0.04906937876886997
4978.244380000068,0.04735759523781629
4978.2543800000685,0.04543928053069949
4978.264380000069,0.04346416210061533
4978.274380000069,0.04155130018747355
4978.284380000069,0.03978507610570718
4978.294380000069,0.0382184632840935
4978.30438000007,0.036879571220934965
4978.31438000007,0.035778659526135445
4978.32438000007,0.034914256010550426
4978.33438000007,0.03427807409741112
4978.3443800000705,0.03385895111023739
4978.354380000071,0.03364604602270937
4978.364380000071,0.03363123072307401
4978.374380000071,0.03381038039078683
4978.384380000071,0.034183461276709244
4978.394380000072,0.034753790435652236
4978.404380000072,0.03552710206545652
4978.414380000072,0.03651087329744309
4978.424380000072,0.03771399022658178
4978.434380000072,0.03914658700600159
4978.444380000073,0.04081983530454754
4978.454380000073,0.042745501388683056
4978.464380000073,0.04493513107421277
4978.474380000073,0.04739873686663419
4978.4843800000735,0.05014285461218589
4978.494380000074,0.05316783125737017
4978.504380000074,0.05646422915381242
4978.514380000074,0.06000832115577543
4978.524380000074,0.06375684709849276
4978.534380000075,0.06764154569274394
4978.544380000075,0.07156447511952771
4978.554380000075,0.07539571856619486
4978.564380000075,0.07897552450293517
4978.5743800000755,0.08212288054519151
4978.584380000076,0.08465153449543139
4978.594380000076,0.08639237175688909
4978.604380000076,0.08721828723326731
4978.614380000076,0.08706547665531686
4978.624380000077,0.0859449012396827
4978.634380000077,0.08394023053072773
4978.644380000077,0.08119292679302027
4978.654380000077,0.07787916813210684
4978.6643800000775,0.0741850986716187
4978.674380000078,0.07028600069495154
4978.684380000078,0.06633244874677761
4978.694380000078,0.062443837146214355
4978.704380000078,0.05870786572453813
4978.714380000079,0.05518384506290943
4978.724380000079,0.051907790028779474
4978.734380000079,0.04889783302572794
4978.744380000079,0.04615914723171162
4978.754380000079,0.04368806482088972
4978.76438000008,0.041475338641267574
4978.77438000008,0.03950860886987377
4978.78438000008,0.03777418465209448
4978.79438000008,0.036258267692002175
4978.8043800000805,0.03494773839965415
4978.814380000081,0.03383060511889102
4978.824380000081,0.03289619723653972
4978.834380000081,0.03213517857752112
4978.844380000081,0.03153948092866807
4978.854380000082,0.031102309461417253
4978.864380000082,0.03081841696106512
4978.874380000082,0.030684789936615064
4978.884380000082,0.030701646951540113
4978.8943800000825,0.030873308102662318
4978.904380000083,0.031208384541696922
4978.914380000083,0.03171906970503204
4978.924380000083,0.0324197951386002
4978.934380000083,0.033325646370652044
4978.944380000084,0.03445063729365713
4978.954380000084,0.03580554420067733
4978.964380000084,0.03739478111017969
4978.974380000084,0.03921180957332368
4978.9843800000845,0.04123281552583853
4978.994380000085,0.04340894431512943
4979.004380000085,0.045658419753706284
4979.014380000085,0.04786139981732914
4979.024380000085,0.04986195594854466
4979.034380000086,0.05148180282703375
4979.044380000086,0.052547571407539836
4979.054380000086,0.052926933755126616
4979.064380000086,0.05256161094317086
4979.074380000086,0.05148309609453886
4979.084380000087,0.049803577205133155
4979.094380000087,0.047686525568610104
4979.104380000087,0.04531013007383276
4979.114380000087,0.04283682073614312
4979.1243800000875,0.04039568724579739
4979.134380000088,0.03807752445690641
4979.144380000088,0.03593837027171017
4979.154380000088,0.0340069388158711
4979.164380000088,0.032292660471160355
4979.174380000089,0.030792619809101363
4979.184380000089,0.02949683354283937
4979.194380000089,0.028391936294980727
4979.204380000089,0.02746358796565317
4979.2143800000895,0.02669795363219846
4979.22438000009,0.026082555971258248
4979.23438000009,0.02560672692666566
4979.24438000009,0.025261817989458358
4979.25438000009,0.02504127555779862
4979.264380000091,0.024940649519297003
4979.274380000091,0.02495757658213344
4979.284380000091,0.025091761411273523
4979.294380000091,0.02534496491799958
4979.304380000091,0.025720997207929745
4979.314380000092,0.026225700336796054
4979.324380000092,0.026866890968329688
4979.334380000092,0.02765421294677894
4979.344380000092,0.028598823292591162
4979.3543800000925,0.029712804583507117
4979.364380000093,0.031008170080467346
4979.374380000093,0.032495315664980165
4979.384380000093,0.03418077612859782
4979.394380000093,0.03606413805986385
4979.404380000094,0.03813390557700848
4979.414380000094,0.04036206004475362
4979.424380000094,0.042697326078119546
4979.434380000094,0.04505823985121476
4979.4443800000945,0.04732901048425335
4979.454380000095,0.04936282748857726
4979.464380000095,0.050996933760583375
4979.474380000095,0.05208004613868986
4979.484380000095,0.052506025363118373
4979.494380000096,0.052241647580492816
4979.504380000096,0.05133617675769173
4979.514380000096,0.0499081841208417
4979.524380000096,0.048115985724904026
4979.5343800000965,0.046124431325629954
4979.544380000097,0.04407918709957507
4979.554380000097,0.04209324566234866
4979.564380000097,0.040244403596562436
4979.574380000097,0.03857962495305312
4979.584380000098,0.037122238641320825
4979.594380000098,0.03587924997229072
4979.604380000098,0.034847449561258605
4979.614380000098,0.03401796181739484
4979.624380000098,0.03337936341246135
4979.634380000099,0.032919672977701486
4979.644380000099,0.03262752099840113
4979.654380000099,0.032492752292998195
4979.664380000099,0.03250664198079872
4979.6743800000995,0.03266183897753615
4979.6843800001,0.03295209464762886
4979.6943800001,0.03337179220867297
4979.7043800001,0.03391527362339464
4979.7143800001,0.03457597842892793
4979.724380000101,0.035345475866264055
4979.734380000101,0.03621259161412625
4979.744380000101,0.037162982135814634
4979.754380000101,0.03817962232440426
4979.7643800001015,0.039244616722268366
4979.774380000102,0.040342386619321956
4979.784380000102,0.04146363353816585
4979.794380000102,0.04260883812026692
4979.804380000102,0.04378992894742539
4979.814380000103,0.045029423930866744
4979.824380000103,0.04635747099115268
4979.834380000103,0.04780805240357388
4979.844380000103,0.049415682556833075
4979.854380000103,0.051213364526362694
4979.864380000104,0.05323188007225425
4979.874380000104,0.05550005833450009
4979.884380000104,0.058045583628970054
4979.894380000104,0.06089604789547009
4979.9043800001045,0.06408016589112052
4979.914380000105,0.06762919547079041
4979.924380000105,0.07157852248681353
4979.934380000105,0.07596910974346462
4979.944380000105,0.0808483294822446
4979.954380000106,0.0862698505904137
4979.964380000106,0.09229260703968283
4979.974380000106,0.09897904187206545
4979.984380000106,0.10639265133356796
4979.9943800001065,0.11459453341702755
4980.004380000107,0.12363837436097418
4980.014380000107,0.13356314607145517
4980.024380000107,0.14438275071256038
4980.034380000107,0.15607199426483326
4980.044380000108,0.16854872726172365
4980.054380000108,0.18165294926315378
4980.064380000108,0.1951253263243191
4980.074380000108,0.2085899408554964
4980.0843800001085,0.22154873743590453
4980.094380000109,0.2333968216978225
4980.104380000109,0.24346650910139545
4980.114380000109,0.2511018653324113
4980.124380000109,0.2557544191750851
4980.13438000011,0.2570785256807639
4980.14438000011,0.25499851717939337
4980.15438000011,0.2497252272075843
4980.16438000011,0.2417160860957908
4980.17438000011,0.23159258731732574
4980.184380000111,0.22004132298576062
4980.194380000111,0.20772496351974296
4980.204380000111,0.1952200371502218
4980.214380000111,0.18298589963017292
4980.2243800001115,0.17135981181811222
4980.234380000112,0.160568874935825
4980.244380000112,0.150749768764295
4980.254380000112,0.14196958843655683
4980.264380000112,0.13424374750633605
4980.274380000113,0.12754900852398937
4980.284380000113,0.12183107647141375
4980.294380000113,0.11700710561445898
4980.304380000113,0.1129643151045529
4980.3143800001135,0.10955700831243077
4980.324380000114,0.10660568460625097
4980.334380000114,0.10390306009241415
4980.344380000114,0.10123130938197099
4980.354380000114,0.09839109766477792
4980.364380000115,0.09523608747505996
4980.374380000115,0.09170031829140089
4980.384380000115,0.08780595397362527
4980.394380000115,0.08364740226732961
4980.404380000115,0.07935932545288348
4980.414380000116,0.07508225205469941
4980.424380000116,0.07093717205288043
4980.434380000116,0.06701339753771975
4980.444380000116,0.06336764686764343
4980.4543800001165,0.060029501692362174
4980.464380000117,0.0570087512445991
4980.474380000117,0.054302021935541615
4980.484380000117,0.05189789530673277
4980.494380000117,0.0497806529514136
4980.504380000118,0.0479329752162801
4980.514380000118,0.046337836686308136
4980.524380000118,0.04497977096776193
4980.534380000118,0.04384565632491961
4980.5443800001185,0.042925161328853996
4980.554380000119,0.042210965415098514
4980.564380000119,0.04169883523949205
4980.574380000119,0.041387600131810594
4980.584380000119,0.0412790315693453
4980.59438000012,0.04137759130016216
4980.60438000012,0.04168996646480415
4980.61438000012,0.04222425291248361
4980.62438000012,0.04298857745287716
4980.6343800001205,0.04398887156253781
4980.644380000121,0.04522544693224529
4980.654380000121,0.04668803654085553
4980.664380000121,0.04834916910213159
4980.674380000121,0.050156315362642166
4980.684380000122,0.05202435255801741
4980.694380000122,0.05383148877374878
4980.704380000122,0.05542321909909357
4980.714380000122,0.05662863066610832
4980.724380000122,0.057289661638831674
4980.734380000123,0.057296776416274314
4980.744380000123,0.05661783306673253
4980.754380000123,0.05530686050230488
4980.764380000123,0.05348834531077405
4980.7743800001235,0.051324775919910075
4980.784380000124,0.04898167713340773
4980.794380000124,0.046601807711554734
4980.804380000124,0.04429274714142179
4980.814380000124,0.04212575609754201
4980.824380000125,0.04014123144910617
4980.834380000125,0.038356513077424284
4980.844380000125,0.036773392346947695
4980.854380000125,0.035384153100810646
4980.8643800001255,0.03417591274816122
4980.874380000126,0.03313347200064364
4980.884380000126,0.03224101625146548
4980.894380000126,0.031483007093705793
4980.904380000126,0.030844566729806892
4980.914380000127,0.03031164049278802
4980.924380000127,0.029871209069263622
4980.934380000127,0.029511732255650035
4980.944380000127,0.029223769107650028
4980.9543800001275,0.029000438251129846
4980.964380000128,0.028837348241637393
4980.974380000128,0.028731963306209706
4980.984380000128,0.028682754745206096
4980.994380000128,0.02868854059132695
4981.004380000129,0.028748174940966213
4981.014380000129,0.028860513765837384
4981.024380000129,0.02902451088467991
4981.034380000129,0.029239336718949835
4981.044380000129,0.029504472228698793
4981.05438000013,0.029819769000399943
4981.06438000013,0.030185482428231096
4981.07438000013,0.030602288352481233
4981.08438000013,0.031071291648218532
4981.0943800001305,0.0315940310090032
4981.104380000131,0.032172479050412435
4981.114380000131,0.03280903277392038
4981.124380000131,0.03350648754116355
4981.134380000131,0.034267986302608085
4981.144380000132,0.03509693097274794
4981.154380000132,0.035996833259223454
4981.164380000132,0.036971073746440763
4981.174380000132,0.038022544714658796
4981.1843800001325,0.03915319585577031
4981.194380000133,0.0403636034406629
4981.204380000133,0.04165283354166975
4981.214380000133,0.043018983446270406
4981.224380000133,0.044460685376541464
4981.234380000134,0.04597939652455993
4981.244380000134,0.04758164263977474
4981.254380000134,0.04928009920972481
4981.264380000134,0.05109294401657654
4981.274380000134,0.053041954483978415
4981.284380000135,0.05515045205895218
4981.294380000135,0.0574419858569105
4981.304380000135,0.05994000325847859
4981.314380000135,0.06266826608615758
4981.3243800001355,0.06565163951562056
4981.334380000136,0.06891697522821692
4981.344380000136,0.07249395136332291
4981.354380000136,0.0764158309650645
4981.364380000136,0.08072014615461048
4981.374380000137,0.08544932433668687
4981.384380000137,0.09065126429110139
4981.394380000137,0.09637985897725015
4981.404380000137,0.10269546148740727
4981.4143800001375,0.10966531033215078
4981.424380000138,0.11736395956667134
4981.434380000138,0.12587374083671482
4981.444380000138,0.13528512904730913
4981.454380000138,0.14569659674135002
4981.464380000139,0.15721335191233227
4981.474380000139,0.16994450943107342
4981.484380000139,0.1839985895635398
4981.494380000139,0.19947726457015996
4981.5043800001395,0.21646672625840754
4981.51438000014,0.23502514668642374
4981.52438000014,0.2551639189996733
4981.53438000014,0.2768202709344305
4981.54438000014,0.2998200782294847
4981.554380000141,0.32383272947649716
4981.564380000141,0.34832468972832714
4981.574380000141,0.372524305962621
4981.584380000141,0.3954158055513401
4981.594380000141,0.41578240247102255
4981.604380000142,0.4323127892858372
4981.614380000142,0.44376889012360815
4981.624380000142,0.4491876027227102
4981.634380000142,0.44806548356304793
4981.6443800001425,0.44046788561951794
4981.654380000143,0.4270227157113479
4981.664380000143,0.40879870303446203
4981.674380000143,0.3871092987400922
4981.684380000143,0.36330426703795726
4981.694380000144,0.3386030381415442
4981.704380000144,0.31399653996763327
4981.714380000144,0.29021565771005203
4981.724380000144,0.26774746547797346
4981.7343800001445,0.24687676397000402
4981.744380000145,0.22773511344515274
4981.754380000145,0.21034659276956802
4981.764380000145,0.19466546407105856
4981.774380000145,0.18060472816607193
4981.784380000146,0.16805648317625296
4981.794380000146,0.1569056916409143
4981.804380000146,0.14703898918595495
4981.814380000146,0.13834990462354357
4981.824380000146,0.1307415108460039
4981.834380000147,0.12412717983090223
4981.844380000147,0.11842980456979148
4981.854380000147,0.11357958338913521
4981.864380000147,0.10951025142199242
4981.8743800001475,0.10615353789849336
4981.884380000148,0.10343173906726018
4981.894380000148,0.10124881578177218
4981.904380000148,0.09948155714809885
4981.914380000148,0.09797407327141114
4981.924380000149,0.09654049455361617
4981.934380000149,0.09498059858756706
4981.944380000149,0.09310922629761613
4981.954380000149,0.0907927842399718
4981.9643800001495,0.08797893780852895
4981.97438000015,0.08470537087383022
4981.98438000015,0.08108288895611579
4981.99438000015,0.0772611922449978
4982.00438000015,0.07339255785105905
4982.014380000151,0.06960570333343308
4982.024380000151,0.06599393590048712
4982.034380000151,0.06261494072123491
4982.044380000151,0.05949702133016229
4982.0543800001515,0.05664728478673461
4982.064380000152,0.054059116819879134
4982.074380000152,0.05171794105046734
4982.084380000152,0.04960522923107498
4982.094380000152,0.04770110795432703
4982.104380000153,0.04598595498289945
4982.114380000153,0.044441308512604485
4982.124380000153,0.04305032728673517
4982.134380000153,0.041797968728723274
4982.144380000153,0.04067099903345944
4982.154380000154,0.03965790890749083
4982.164380000154,0.0387487770313045
4982.174380000154,0.03793509877857083
4982.184380000154,0.03720958006817571
4982.1943800001545,0.03656588464412976
4982.204380000155,0.0359983158084141
4982.214380000155,0.03550141072120565
4982.224380000155,0.03506943526259156
4982.234380000155,0.03469581037463704
4982.244380000156,0.03437259839960043
4982.254380000156,0.034090320545551625
4982.264380000156,0.0338384724333657
4982.274380000156,0.03360696728306637
4982.2843800001565,0.0333882350018887
4982.294380000157,0.033179070601096414
4982.304380000157,0.03298117720670167
4982.314380000157,0.0328000486335866
4982.324380000157,0.03264285516690269
4982.334380000158,0.032516424368986614
4982.344380000158,0.03242602436682545
4982.354380000158,0.03237500764220545
4982.364380000158,0.03236499011132022
4982.374380000158,0.0323962078945198
4982.384380000159,0.03246784211458396
4982.394380000159,0.0325782793933007
4982.404380000159,0.03272541151061257
4982.414380000159,0.03290711078063113
4982.4243800001595,0.03312188036789291
4982.43438000016,0.03336942888530256
4982.44438000016,0.03365082448988
4982.45438000016,0.03396813741122104
4982.46438000016,0.034323845249985926
4982.474380000161,0.03472036283801258
4982.484380000161,0.03515985454448331
4982.494380000161,0.035644270801370934
4982.504380000161,0.03617548207216509
4982.5143800001615,0.03675541977554942
4982.524380000162,0.03738618804046489
4982.534380000162,0.03807014341082463
4982.544380000162,0.038809951492465404
4982.554380000162,0.03960863042918921
4982.564380000163,0.04046958862654565
4982.574380000163,0.04139666161507011
4982.584380000163,0.0423941512827828
4982.594380000163,0.04346686994656
4982.6043800001635,0.044620191701824415
4982.614380000164,0.04586011406864842
4982.624380000164,0.04719333391114731
4982.634380000164,0.048627342234511664
4982.644380000164,0.05017054156626133
4982.654380000165,0.05183238643063162
4982.664380000165,0.05362354312397804
4982.674380000165,0.05555606309637577
4982.684380000165,0.05764356768002868
4982.694380000165,0.059901449050962126
4982.704380000166,0.06234709734255078
4982.714380000166,0.0650001621753449
4982.724380000166,0.06788284904352142
4982.734380000166,0.07102024047078304
4982.7443800001665,0.0744406204376491
4982.754380000167,0.0781757662313565
4982.764380000167,0.08226114963674948
4982.774380000167,0.08673595389413372
4982.784380000167,0.09164275993669217
4982.794380000168,0.09702668384563001
4982.804380000168,0.10293366526343435
4982.814380000168,0.10940754404228098
4982.824380000168,0.11648559197292173
4982.8343800001685,0.12419242534861763
4982.844380000169,0.1325329150404889
4982.854380000169,0.14148600713861767
4982.864380000169,0.15100312214853032
4982.874380000169,0.16101607782782867
4982.88438000017,0.17145838226682783
4982.89438000017,0.18229854913596952
4982.90438000017,0.19357595708627912
4982.91438000017,0.2054242751345717
4982.9243800001705,0.21807074665318035
4982.934380000171,0.23181111084031572
4982.944380000171,0.24697110316982562
4982.954380000171,0.2638681076562903
4982.964380000171,0.2827805914519272
4982.974380000172,0.3039246605371011
4982.984380000172,0.3274318313730401
4982.994380000172,0.35332115456055574
4983.004380000172,0.38146089071471245
4983.014380000172,0.4115188375021155
4983.024380000173,0.4429059597515767
4983.034380000173,0.47472540995427936
4983.044380000173,0.5057476255386075
4983.054380000173,0.5344387938242549
4983.0643800001735,0.5590684052929809
4983.074380000174,0.5779048955694465
4983.084380000174,0.5894750478894946
4983.094380000174,0.5928243078803305
4983.104380000174,0.5876952403450609
4983.114380000175,0.5745608781308236
4983.124380000175,0.5545052491601995
4983.134380000175,0.5290030124247506
4983.144380000175,0.499677291165056
4983.1543800001755,0.4680988949958885
4983.164380000176,0.43565244139753234
4983.174380000176,0.40346488660480473
4983.184380000176,0.3723816493237747
4983.194380000176,0.34297720451579256
4983.204380000177,0.31558961389665663
4983.214380000177,0.29036869907836177
4983.224380000177,0.26732778431416315
4983.234380000177,0.24639089632617625
4983.244380000177,0.22743053588737344
4983.254380000178,0.21029444678560075
4983.264380000178,0.19482242227630464
4983.274380000178,0.1808557623605295
4983.284380000178,0.16824242814961318
4983.2943800001785,0.1568403385630957
4983.304380000179,0.146519963884954
4983.314380000179,0.13716604555618256
4983.324380000179,0.12867773190252918
4983.334380000179,0.12096697340926436
4983.34438000018,0.1139559732332007
4983.35438000018,0.1075748505753027
4983.36438000018,0.1017602413585015
4983.37438000018,0.09645484512492158
4983.3843800001805,0.0916074190356031
4983.394380000181,0.08717263406977266
4983.404380000181,0.08311052822170226
4983.414380000181,0.07938570839357799
4983.424380000181,0.0759665992551347
4983.434380000182,0.07282489545269229
4983.444380000182,0.06993519382438498
4983.454380000182,0.06727471751900094
4983.464380000182,0.06482306607559714
4983.4743800001825,0.06256196374155602
4983.484380000183,0.06047500177692654
4983.494380000183,0.05854738126483351
4983.504380000183,0.05676567095286822
4983.514380000183,0.05511760526628717
4983.524380000184,0.05359195720340951
4983.534380000184,0.05217851602000567
4983.544380000184,0.05086816619172675
4983.554380000184,0.04965300667775973
4983.564380000184,0.04852640387221284
4983.574380000185,0.0474828871331474
4983.584380000185,0.046517886529744194
4983.594380000185,0.04562741553550544
4983.604380000185,0.044807822733480634
4983.6143800001855,0.04405566700057607
4983.624380000186,0.04336769215861258
4983.634380000186,0.042740849172326414
4983.644380000186,0.04217232684371174
4983.654380000186,0.0416595736284736
4983.664380000187,0.04120030740040497
4983.674380000187,0.040792515774474465
4983.684380000187,0.04043445066231107
4983.694380000187,0.04012462001241674
4983.7043800001875,0.03986177858172376
4983.714380000188,0.039644918505987635
4983.724380000188,0.03947325931388009
4983.734380000188,0.03934623560943364
4983.744380000188,0.03926347872635022
4983.754380000189,0.03922478639736524
4983.764380000189,0.03923007296344159
4983.774380000189,0.039279294974235254
4983.784380000189,0.03937235964148013
4983.794380000189,0.03950905405690908
4983.80438000019,0.03968907598084066
4983.81438000019,0.039912259027579125
4983.82438000019,0.040178994123681276
4983.83438000019,0.04049066261893341
4983.8443800001905,0.040849802168424716
4983.854380000191,0.04125990190965211
4983.864380000191,0.041725014614396976
4983.874380000191,0.04224946044525223
4983.884380000191,0.042837746400306305
4983.894380000192,0.04349465878592696
4983.904380000192,0.04422543506935975
4983.914380000192,0.04503595126273528
4983.924380000192,0.04593290172345058
4983.9343800001925,0.0469239708058204
4983.944380000193,0.048018002015374595
4983.954380000193,0.04922516789823748
4983.964380000193,0.05055713685357845
4983.974380000193,0.05202722229619111
4983.984380000194,0.05365048411509026
4983.994380000194,0.05544372928503341
4984.004380000194,0.05742532298963651
4984.014380000194,0.059614668797413596
4984.0243800001945,0.062031145992900084
4984.034380000195,0.06469221268387265
4984.044380000195,0.06761031817843395
4984.054380000195,0.07078827609050349
4984.064380000195,0.07421295520137684
4984.074380000196,0.07784774506887196
4984.084380000196,0.08162544474566541
4984.094380000196,0.08544495677537542
4984.104380000196,0.08917667768384598
4984.114380000196,0.09268093221850471
4984.124380000197,0.09583916399543084
4984.134380000197,0.09858938160141482
4984.144380000197,0.10095092962401545
4984.154380000197,0.10302605279479392
4984.1643800001975,0.10497749231770982
4984.174380000198,0.10699371291952574
4984.184380000198,0.10925688627663976
4984.194380000198,0.11192291192295914
4984.204380000198,0.11511427290407557
4984.214380000199,0.1189212530583873
4984.224380000199,0.12340604849769858
4984.234380000199,0.12860576721321781
4984.244380000199,0.1345324384973839
4984.2543800001995,0.1411702907144847
4984.2643800002,0.14847279261714322
4984.2743800002,0.15636421534710065
4984.2843800002,0.1647516357407977
4984.2943800002,0.17355112053661753
4984.304380000201,0.18272484977855113
4984.314380000201,0.19231688448656167
4984.324380000201,0.20247152226553528
4984.334380000201,0.21342525996250786
4984.344380000201,0.22547732903279635
4984.354380000202,0.2389535638078933
4984.364380000202,0.2541773493310185
4984.374380000202,0.2714529910345841
4984.384380000202,0.2910586544882441
4984.394380000203,0.3132421464977112
4984.404380000203,0.3382126457798706
4984.414380000203,0.3661227953388279
4984.424380000203,0.3970369042018093
4984.434380000203,0.4308822666845953
4984.444380000204,0.46738262288183074
4984.454380000204,0.505976872555055
4984.464380000204,0.5457336387115536
4984.474380000204,0.5852835428540173
4984.4843800002045,0.6228038314281182
4984.494380000205,0.6560974158943631
4984.504380000205,0.6827991617222787
4984.514380000205,0.7007065718912834
4984.524380000205,0.7081737738875831
4984.534380000206,0.7044540273559113
4984.544380000206,0.6898671344955818
4984.554380000206,0.6657250053417566
4984.564380000206,0.634045454154984
4984.5743800002065,0.5971628038069119
4984.584380000207,0.5573609848152332
4984.594380000207,0.516614349589266
4984.604380000207,0.4764605116858891
4984.614380000207,0.43798321408880153
4984.624380000208,0.40186424819407984
4984.634380000208,0.3684657893821448
4984.644380000208,0.3379163578044947
4984.654380000208,0.3101860605642505
4984.664380000208,0.2851458853673103
4984.674380000209,0.2626110911663034
4984.684380000209,0.2423711249108493
4984.694380000209,0.2242091477147233
4984.704380000209,0.20791406610375293
4984.7143800002095,0.19328746250217313
4984.72438000021,0.18014723551206713
4984.73438000021,0.16832915892636943
4984.74438000021,0.15768702923635528
4984.75438000021,0.1480917702986681
4984.764380000211,0.13942985956576653
4984.774380000211,0.1316015023381879
4984.784380000211,0.1245188766157324
4984.794380000211,0.11810455977704468
4984.8043800002115,0.11229010260687773
4984.814380000212,0.10701468207753047
4984.824380000212,0.10222378798511103
4984.834380000212,0.09786793504653901
4984.844380000212,0.09390143316513883
4984.854380000213,0.09028130093057857
4984.864380000213,0.08696646974057588
4984.874380000213,0.08391747506093504
4984.884380000213,0.08109681868614672
4984.8943800002135,0.07847005567831844
4984.904380000214,0.07600740014571915
4984.914380000214,0.07368534709330428
4984.924380000214,0.07148766220070421
4984.934380000214,0.06940525632584002
4984.944380000215,0.06743490029721928
4984.954380000215,0.06557719926381127
4984.964380000215,0.0638344639835919
4984.974380000215,0.06220901102358518
4984.984380000215,0.060702133252030104
4984.994380000216,0.05931370654474753
4985.004380000216,0.05804225049280973
4985.014380000216,0.05688523697456963
4985.024380000216,0.055839484686672915
4985.0343800002165,0.054901539999898184
4985.044380000217,0.05406799775586999
4985.054380000217,0.0533357508724569
4985.064380000217,0.052702176235205164
4985.074380000217,0.05216527161506858
4985.084380000218,0.05172375932615251
4985.094380000218,0.05137717024583083
4985.104380000218,0.05112591821855366
4985.114380000218,0.050971370421326136
4985.1243800002185,0.05091591445750635
4985.134380000219,0.05096301843827593
4985.144380000219,0.05111727764455629
4985.154380000219,0.05138444452298826
4985.164380000219,0.051771453586269535
4985.17438000022,0.0522864764881025
4985.18438000022,0.0529390436139279
4985.19438000022,0.053740192148926606
4985.20438000022,0.05470245368826323
4985.21438000022,0.055839431673094915
4985.224380000221,0.05716489224043021
4985.234380000221,0.05869154750568078
4985.244380000221,0.060429650798841154
4985.254380000221,0.0623849811602729
4985.2643800002215,0.06455516227282884
4985.274380000222,0.06692335533290916
4985.284380000222,0.06944976335903949
4985.294380000222,0.07206374859900007
4985.304380000222,0.07466159455766008
4985.314380000223,0.07711560959505556
4985.324380000223,0.07929756893317585
4985.334380000223,0.08111234311943445
4985.344380000223,0.08252872740992007
4985.3543800002235,0.08359132171565449
4985.364380000224,0.08440518331306736
4985.374380000224,0.08509931143684933
4985.384380000224,0.08578456685667663
4985.394380000224,0.0865207400941657
4985.404380000225,0.0873007562533536
4985.414380000225,0.08805447007927762
4985.424380000225,0.08867161535530296
4985.434380000225,0.0890396759412098
4985.4443800002255,0.0890856632091878
4985.454380000226,0.0888053842241482
4985.464380000226,0.08826731300347176
4985.474380000226,0.0875913002747812
4985.484380000226,0.08691528093670997
4985.494380000227,0.08636589314561384
4985.504380000227,0.08604193608605443
4985.514380000227,0.086010758951101
4985.524380000227,0.08631287889617502
4985.534380000227,0.08696975247227579
4985.544380000228,0.08799135433781952
4985.554380000228,0.08938209956201498
4985.564380000228,0.09114490173944344
4985.574380000228,0.09328374445846548
4985.5843800002285,0.09580528134779467
4985.594380000229,0.09871991346609037
4985.604380000229,0.1020426633318571
4985.614380000229,0.10579399856931633
4985.624380000229,0.11000057998060325
4985.63438000023,0.11469583942883115
4985.64438000023,0.11992041031737102
4985.65438000023,0.12572259010859133
4985.66438000023,0.1321590174441591
4985.6743800002305,0.13929562733931158
4985.684380000231,0.14720885557681823
4985.694380000231,0.15598704847559453
4985.704380000231,0.16573205268963218
4985.714380000231,0.17656096739647098
4985.724380000232,0.18860802419955425
4985.734380000232,0.20202651809761937
4985.744380000232,0.2169906432771858
4985.754380000232,0.23369697996676225
4985.764380000232,0.2523652153357535
4985.774380000233,0.27323743776437615
4985.784380000233,0.29657498933461224
4985.794380000233,0.32265136414067397
4985.804380000233,0.35173897914176155
4985.8143800002335,0.3840868395348882
4985.824380000234,0.4198852908751884
4985.834380000234,0.45921351591026904
4985.844380000234,0.5019658693737644
4985.854380000234,0.5477557333162623
4985.864380000235,0.5958020069173537
4985.874380000235,0.6448152579454052
4985.884380000235,0.6929178947765186
4985.894380000235,0.7376507219746449
4985.9043800002355,0.7761246623215637
4985.914380000236,0.8053534226064164
4985.924380000236,0.8227394159026091
4985.934380000236,0.8265974701780684
4985.944380000236,0.8165400239019706
4985.954380000237,0.7935705061848735
4985.964380000237,0.7598452437440489
4985.974380000237,0.7182031629999671
4985.984380000237,0.6716395088209769
4985.9943800002375,0.622879976600125
4986.004380000238,0.5741307892974548
4986.014380000238,0.5269989945227938
4986.024380000238,0.48253210680094294
4986.034380000238,0.44131867706167305
4986.044380000239,0.40360504748627457
4986.054380000239,0.3694023005266857
4986.064380000239,0.33857251989220644
4986.074380000239,0.3108927081058992
4986.084380000239,0.2860990977021667
4986.09438000024,0.2639160532832004
4986.10438000024,0.2440737734205223
4986.11438000024,0.22631833225567333
4986.12438000024,0.21041666272211673
4986.1343800002405,0.1961582354743576
4986.144380000241,0.1833546507155332
4986.154380000241,0.1718381149648587
4986.164380000241,0.16145965427438627
4986.174380000241,0.15208772001830728
4986.184380000242,0.14360740998921387
4986.194380000242,0.13591990957785707
4986.204380000242,0.12894139893528642
4986.214380000242,0.12260102108498223
4986.2243800002425,0.11683828535553198
4986.234380000243,0.11160068032994462
4986.244380000243,0.10684199627577867
4986.254380000243,0.10252136100345624
4986.264380000243,0.09860273009838641
4986.274380000244,0.0950545808886248
4986.284380000244,0.09184967074261369
4986.294380000244,0.08896481336741027
4986.304380000244,0.08638067314579075
4986.3143800002445,0.08408159123232961
4986.324380000245,0.08205545613668895
4986.334380000245,0.08029362605684882
4986.344380000245,0.07879090365981141
4986.354380000245,0.07754555613581533
4986.364380000246,0.0765593623149067
4986.374380000246,0.07583765140486991
4986.384380000246,0.07538927000116083
4986.394380000246,0.07522636922922442
4986.404380000246,0.07536383490893563
4986.414380000247,0.07581808467266263
4986.424380000247,0.07660482966889451
4986.434380000247,0.07773527103555809
4986.444380000247,0.0792101474819384
4986.4543800002475,0.08101122267383526
4986.464380000248,0.0830904465589261
4986.474380000248,0.08535843462769246
4986.484380000248,0.087676132085008
4986.494380000248,0.08985568470708291
4986.504380000249,0.09167636118874836
4986.514380000249,0.09291666751649898
4986.524380000249,0.09339576823249232
4986.534380000249,0.09301139951687125
4986.5443800002495,0.0917620137846071
4986.55438000025,0.08974640821214167
4986.56438000025,0.08714085171550333
4986.57438000025,0.08416076038549812
4986.58438000025,0.08101964109758396
4986.594380000251,0.07789801474232941
4986.604380000251,0.07492851927184946
4986.614380000251,0.07219549777888504
4986.624380000251,0.06974318783686125
4986.634380000251,0.06758674824437935
4986.644380000252,0.06572251566647229
4986.654380000252,0.06413601147451906
4986.664380000252,0.0628075360494837
4986.674380000252,0.061715759897481945
4986.6843800002525,0.060839852517170626
4986.694380000253,0.06016062908333339
4986.704380000253,0.059661079153189654
4986.714380000253,0.05932652995383468
4986.724380000253,0.059144608590077176
4986.734380000254,0.059105104853187804
4986.744380000254,0.05919979440578878
4986.754380000254,0.05942225446863822
4986.764380000254,0.059767686607066384
4986.7743800002545,0.060232752614082424
4986.784380000255,0.06081542842326475
4986.794380000255,0.06151488462505439
4986.804380000255,0.062331407174853685
4986.814380000255,0.06326637104176078
4986.824380000256,0.06432226128693616
4986.834380000256,0.06550270498790578
4986.844380000256,0.06681247006583627
4986.854380000256,0.06825742533841887
4986.8643800002565,0.06984449854974485
4986.874380000257,0.07158167110156019
4986.884380000257,0.07347802906552121
4986.894380000257,0.07554388640115303
4986.904380000257,0.07779100149929848
4986.914380000258,0.08023288428049587
4986.924380000258,0.0828851282777762
4986.934380000258,0.0857656682498657
4986.944380000258,0.08889493392279908
4986.954380000258,0.09229598449809276
4986.964380000259,0.09599473591505236
4986.974380000259,0.10002032759469737
4986.984380000259,0.10440561199195554
4986.994380000259,0.10918773446936686
4987.0043800002595,0.11440878152109132
4987.01438000026,0.12011648577320326
4987.02438000026,0.12636498117094103
4987.03438000026,0.13321561045818014
4987.04438000026,0.14073781517584236
4987.054380000261,0.14901020316627425
4987.064380000261,0.15812198860879392
4987.074380000261,0.16817506625658715
4987.084380000261,0.17928685627590066
4987.0943800002615,0.19159364284604602
4987.104380000262,0.20525369062944243
4987.114380000262,0.22044948006398052
4987.124380000262,0.23738899618843143
4987.134380000262,0.2563064291131914
4987.144380000263,0.27746235034263866
4987.154380000263,0.3011426605414494
4987.164380000263,0.3276548298937993
4987.174380000263,0.35731926854934387
4987.184380000263,0.3904529040155093
4987.194380000264,0.42734110108015666
4987.204380000264,0.46819306782680903
4987.214380000264,0.5130753158522094
4987.224380000264,0.5618185592064577
4987.2343800002645,0.6138973166857359
4987.244380000265,0.6682907175155074
4987.254380000265,0.7233495748197224
4987.264380000265,0.7767177559590688
4987.274380000265,0.8253771397828934
4987.284380000266,0.8658866229440128
4987.294380000266,0.8948434332586829
4987.304380000266,0.909501854962227
4987.314380000266,0.9083751292473887
4987.3243800002665,0.8915964837031063
4987.334380000267,0.8608861002743617
4987.344380000267,0.8191385918724378
4987.354380000267,0.769803699157847
4987.364380000267,0.7162835155344083
4987.374380000268,0.6615049245187401
4987.384380000268,0.6077148434380258
4987.394380000268,0.5564598164221334
4987.404380000268,0.5086773939794242
4987.4143800002685,0.4648326384899666
4987.424380000269,0.4250555647085564
4987.434380000269,0.3892575805730553
4987.444380000269,0.3572203606143599
4987.454380000269,0.32865883329682427
4987.46438000027,0.3032632227348171
4987.47438000027,0.280725556687222
4987.48438000027,0.26075527437185786
4987.49438000027,0.2430874292208828
4987.50438000027,0.22748592931362488
4987.514380000271,0.21374344231508458
4987.524380000271,0.20167897242205116
4987.534380000271,0.1911336032404629
4987.544380000271,0.18196448337507629
4987.5543800002715,0.17403692916990768
4987.564380000272,0.1672147587661226
4987.574380000272,0.16134992565096037
4987.584380000272,0.1562742567719816
4987.594380000272,0.15179789204656105
4987.604380000273,0.14771880332350854
4987.614380000273,0.14384315033802153
4987.624380000273,0.1400081786212508
4987.634380000273,0.1360949690956634
4987.6443800002735,0.1320251159322277
4987.654380000274,0.12774957837140916
4987.664380000274,0.12324457015450334
4987.674380000274,0.11851981961457582
4987.684380000274,0.11362888561840188
4987.694380000275,0.10866680584942738
4987.704380000275,0.10375120103525512
4987.714380000275,0.09899631537239922
4987.724380000275,0.09449265192808992
4987.734380000275,0.09029836741967483
4987.744380000276,0.08644091220004185
4987.754380000276,0.08292401500102418
4987.764380000276,0.07973571088999164
4987.774380000276,0.07685512697902884
4987.7843800002765,0.07425737587013335
4987.794380000277,0.07191672186628019
4987.804380000277,0.06980843551822698
4987.814380000277,0.06790975061277045
4987.824380000277,0.0662002552269756
4987.834380000278,0.06466195464621263
4987.844380000278,0.06327916262174577
4987.854380000278,0.06203831331568288
4987.864380000278,0.06092774007722885
4987.8743800002785,0.05993744050703447
4987.884380000279,0.05905883460405381
4987.894380000279,0.05828451204655677
4987.904380000279,0.05760795388071559
4987.914380000279,0.057023216060318835
4987.92438000028,0.05652459384832058
4987.93438000028,0.05610635613432931
4987.94438000028,0.0557627252645935
4987.95438000028,0.05548828680988449
4987.9643800002805,0.05527880899806329
4987.974380000281,0.05513206996552891
4987.984380000281,0.055048111993615575
4987.994380000281,0.05502870206485619
4988.004380000281,0.05507637180003876
4988.014380000282,0.05519360662753872
4988.024380000282,0.055382462755427075
4988.034380000282,0.05564453649934937
4988.044380000282,0.05598108069934578
4988.054380000282,0.056393113965331976
4988.064380000283,0.05688146601222819
4988.074380000283,0.057446779433050196
4988.084380000283,0.058089529540186535
4988.094380000283,0.05881011478376238
4988.1043800002835,0.05960900207651341
4988.114380000284,0.06048683252840424
4988.124380000284,0.06144439477621303
4988.134380000284,0.06248247511383906
4988.144380000284,0.06360171182352252
4988.154380000285,0.06480263137585111
4988.164380000285,0.06608600064914727
4988.174380000285,0.06745350692696737
4988.184380000285,0.06890862412409862
4988.1943800002855,0.07045741208039565
4988.204380000286,0.0721089908743779
4988.214380000286,0.0738755494224131
4988.224380000286,0.07577193125406548
4988.234380000286,0.07781499216274386
4988.244380000287,0.08002297198889112
4988.254380000287,0.08241506556398097
4988.264380000287,0.08501127195746327
4988.274380000287,0.08783250828043773
4988.2843800002875,0.0909009251709252
4988.294380000288,0.09424035362772909
4988.304380000288,0.0978768295092191
4988.314380000288,0.10183916574384583
4988.324380000288,0.10615956319587004
4988.334380000289,0.11087426590222602
4988.344380000289,0.11602427551447797
4988.354380000289,0.12165614499402665
4988.364380000289,0.12782287457567365
4988.374380000289,0.13458493483642223
4988.38438000029,0.14201144294361853
4988.39438000029,0.1501815188703137
4988.40438000029,0.15918584817733908
4988.41438000029,0.1691284763756792
4988.4243800002905,0.18012885646045299
4988.434380000291,0.19232416466612345
4988.444380000291,0.20587188461252598
4988.454380000291,0.22095262275662794
4988.464380000291,0.23777303777349468
4988.474380000292,0.2565686357511952
4988.484380000292,0.27760601623172687
4988.494380000292,0.30118393707639496
4988.504380000292,0.3276322150291431
4988.5143800002925,0.3573068992049439
4988.524380000293,0.3905792974347332
4988.534380000293,0.42781528690976994
4988.544380000293,0.4693399763026308
4988.554380000293,0.5153814973506543
4988.564380000294,0.5659871323127958
4988.574380000294,0.6209064035628749
4988.584380000294,0.679441440467508
4988.594380000294,0.7402780040663449
4988.604380000294,0.8013332862496383
4988.614380000295,0.8596865098960474
4988.624380000295,0.9116822714109097
4988.634380000295,0.9532878835021097
4988.644380000295,0.9807158893009451
4988.6543800002955,0.9911921905311363
4988.664380000296,0.9836209002581531
4988.674380000296,0.9588735234614905
4988.684380000296,0.9195693120989317
4988.694380000296,0.8694443423902993
4988.704380000297,0.8125728220665771
4988.714380000297,0.752706860442192
4988.724380000297,0.6928776172908834
4988.734380000297,0.6352603598316512
4988.7443800002975,0.5812246198327398
4988.754380000298,0.5314768139697019
4988.764380000298,0.4862273806663635
4988.774380000298,0.4453476454476455
4988.784380000298,0.40850600551831556
4988.794380000299,0.37528263947953744
4988.804380000299,0.3452592629900051
4988.814380000299,0.3180753625326404
4988.824380000299,0.29344587883542106
4988.8343800002995,0.2711480066462714
4988.8443800003,0.2509951212483279
4988.8543800003,0.23281457926023386
4988.8643800003,0.21643658473624114
4988.8743800003,0.20169262976656097
4988.884380000301,0.1884187577316381
4988.894380000301,0.17645971849339015
4988.904380000301,0.16567207871291212
4988.914380000301,0.15592583816261288
4988.924380000301,0.1471047866379097
4988.934380000302,0.1391060076311187
4988.944380000302,0.13183889410613314
4988.954380000302,0.12522394359536834
4988.964380000302,0.11919150435169516
4988.9743800003025,0.11368057087841624
4988.984380000303,0.10863767791500717
4988.994380000303,0.10401591187440898
4989.004380000303,0.09977404169251736
4989.014380000303,0.0958757623159957
4989.024380000304,0.09228904048017529
4989.034380000304,0.08898555190811935
4989.044380000304,0.08594019996201649
4989.054380000304,0.0831307067322258
4989.0643800003045,0.08053726756533812
4989.074380000305,0.07814225885264665
4989.084380000305,0.07592998749310932
4989.094380000305,0.07388647076405586
4989.104380000305,0.07199923860506448
4989.114380000306,0.07025715529802458
4989.124380000306,0.06865026124096668
4989.134380000306,0.0671696361162528
4989.144380000306,0.06580728302140566
4989.154380000306,0.06455603113643811
4989.164380000307,0.06340945357922215
4989.174380000307,0.06236179725721919
4989.184380000307,0.0614079221471662
4989.194380000307,0.060543248045374316
4989.2043800003075,0.059763707255468694
4989.214380000308,0.05906570188591241
4989.224380000308,0.05844606441416081
4989.234380000308,0.057902019989805
4989.244380000308,0.057431148877472346
4989.254380000309,0.05703134834541855
4989.264380000309,0.056700796802159184
4989.274380000309,0.05643793008222938
4989.284380000309,0.05624144653112412
4989.2943800003095,0.05611035160927448
4989.30438000031,0.056044025142975004
4989.31438000031,0.0560422656401055
4989.32438000031,0.0561052756745389
4989.33438000031,0.05623359570024561
4989.344380000311,0.05642801964176027
4989.354380000311,0.05668951659371441
4989.364380000311,0.05701916940106786
4989.374380000311,0.05741814369046487
4989.3843800003115,0.05788771287173436
4989.394380000312,0.05842936873806991
4989.404380000312,0.05904502791900377
4989.414380000312,0.05973729758428548
4989.424380000312,0.060509713749373376
4989.434380000313,0.061366859371261843
4989.444380000313,0.062314330036476163
4989.454380000313,0.06335860224213631
4989.464380000313,0.06450690439303398
4989.474380000313,0.06576716886564939
4989.484380000314,0.06714808913947852
4989.494380000314,0.06865926407690652
4989.504380000314,0.07031139797754753
4989.514380000314,0.07211653029335174
4989.5243800003145,0.07408827781872357
4989.534380000315,0.07624207550122589
4989.544380000315,0.0785953959884299
4989.554380000315,0.08116791074445778
4989.564380000315,0.08398152499030746
4989.574380000316,0.08706017345737313
4989.584380000316,0.09042920692981067
4989.594380000316,0.09411414296611144
4989.604380000316,0.09813852130253166
4989.6143800003165,0.10252063104601945
4989.624380000317,0.10726904641283587
4989.634380000317,0.11237745773779986
4989.644380000317,0.11782061653345498
4989.654380000317,0.12355529174317036
4989.664380000318,0.12953124047125672
4989.674380000318,0.13571403315188266
4989.684380000318,0.14211316286920087
4989.694380000318,0.14880124985047583
4989.704380000318,0.15591277054794533
4989.714380000319,0.16362395381702305
4989.724380000319,0.17212710210138413
4989.734380000319,0.18161253075110714
4989.744380000319,0.19226290824841863
4989.7543800003195,0.2042573203554336
4989.76438000032,0.217780047890722
4989.77438000032,0.23303019056520455
4989.78438000032,0.2502301173732941
4989.79438000032,0.2696319147986761
4989.804380000321,0.29152138548414197
4989.814380000321,0.3162189701378701
4989.824380000321,0.3440764375277044
4989.834380000321,0.37546742664102883
4989.8443800003215,0.41076905878185654
4989.854380000322,0.4503311220791714
4989.864380000322,0.4944291269971543
4989.874380000322,0.5431979804334427
4989.884380000322,0.5965435241110341
4989.894380000323,0.6540287090704119
4989.904380000323,0.7147312639380459
4989.914380000323,0.7770785377179805
4989.924380000323,0.8386940717179607
4989.9343800003235,0.8963373176349595
4989.944380000324,0.9460531766608402
4989.954380000324,0.983625043953051
4989.964380000324,1.0053145435706625
4989.974380000324,1.008701685370338
4989.984380000325,0.9933127480026303
4989.994380000325,0.9607583364193318
4990.004380000325,0.9143175297168774
4990.014380000325,0.8581603126281724
4990.024380000325,0.7965247039064183
4990.034380000326,0.7331031383011691
4990.044380000326,0.670733441381825
4990.054380000326,0.6113527737964701
4990.064380000326,0.5561133026059988
4990.0743800003265,0.505563148523335
4990.084380000327,0.45982869071547544
4990.094380000327,0.4187672009874035
4990.104380000327,0.3820811759795836
4990.114380000327,0.34939738064344494
4990.124380000328,0.32031793785666124
4990.134380000328,0.2944512059950205
4990.144380000328,0.2714289585415517
4990.154380000328,0.2509147428004945
4990.1643800003285,0.2326068064742494
4990.174380000329,0.21623783517955472
4990.184380000329,0.2015729409478707
4990.194380000329,0.18840680412587196
4990.204380000329,0.17656051788392724
4990.21438000033,0.16587845544585356
4990.22438000033,0.1562253343707097
4990.23438000033,0.1474835620369723
4990.24438000033,0.1395508910515669
4990.2543800003305,0.1323383753191991
4990.264380000331,0.1257685888480016
4990.274380000331,0.11977405873369922
4990.284380000331,0.11429588005048973
4990.294380000331,0.10928250563142687
4990.304380000332,0.10468871071916161
4990.314380000332,0.1004747211062955
4990.324380000332,0.09660548129886089
4990.334380000332,0.09305003481838164
4990.344380000332,0.08978098941117027
4990.354380000333,0.08677404193724964
4990.364380000333,0.08400754076859569
4990.374380000333,0.08146207189681572
4990.384380000333,0.07912007763765173
4990.3943800003335,0.07696556080428395
4990.404380000334,0.07498397350664249
4990.414380000334,0.07316236744228535
4990.424380000334,0.07148972158727003
4990.434380000334,0.06995716005930884
4990.444380000335,0.06855779790448886
4990.454380000335,0.06728626378699944
4990.464380000335,0.06613820162129358
4990.474380000335,0.06510999088598138
4990.4843800003355,0.06419870918248755
4990.494380000336,0.06340223449961689
4990.504380000336,0.06271938620693315
4990.514380000336,0.06215005424886568
4990.524380000336,0.06169530400805132
4990.534380000337,0.061357451393357264
4990.544380000337,0.06114008574591586
4990.554380000337,0.061047986637021975
4990.564380000337,0.0610868341010171
4990.574380000337,0.06126254401316159
4990.584380000338,0.06157997100416759
4990.594380000338,0.062040634467510555
4990.604380000338,0.06263912063203324
4990.614380000338,0.06335808326018881
4990.6243800003385,0.06416260859224697
4990.634380000339,0.06499633447093768
4990.644380000339,0.0657835872543236
4990.654380000339,0.06644186162698928
4990.664380000339,0.06690441989738391
4990.67438000034,0.06714422732440553
4990.68438000034,0.06718532617386501
4990.69438000034,0.06709399473671464
4990.70438000034,0.06695572308517063
4990.7143800003405,0.06685180884569028
4990.724380000341,0.06684544533368049
4990.734380000341,0.0669785020884614
4990.744380000341,0.06727494944447075
4990.754380000341,0.06774648713442279
4990.764380000342,0.06839774297108411
4990.774380000342,0.06923012703712134
4990.784380000342,0.0702443575645672
4990.794380000342,0.0714419889053898
4990.8043800003425,0.07282628848461882
4990.814380000343,0.07440273007556003
4990.824380000343,0.07617928161688307
4990.834380000343,0.07816659338876643
4990.844380000343,0.08037813843959901
4990.854380000344,0.08283031484596075
4990.864380000344,0.08554247923807788
4990.874380000344,0.08853683281583478
4990.884380000344,0.09183801502759416
4990.894380000344,0.09547217134610368
4990.904380000345,0.09946516431245739
4990.914380000345,0.10383955547271675
4990.924380000345,0.10861016169493617
4990.934380000345,0.11377866616167606
4990.9443800003455,0.11932921602229742
4990.954380000346,0.1252289201615886
4990.964380000346,0.1314380796332078
4990.974380000346,0.13793198583844474
4990.984380000346,0.14472819793279318
4990.994380000347,0.15190573518639122
4991.004380000347,0.15960477638646786
4991.014380000347,0.1680081430615008
4991.024380000347,0.1773173082328824
4991.0343800003475,0.18773572625594634
4991.044380000348,0.19946405227644615
4991.054380000348,0.21270454681117928
4991.064380000348,0.2276697732836026
4991.074380000348,0.24459189505979076
4991.084380000349,0.2637306888680364
4991.094380000349,0.28537947564286875
4991.104380000349,0.3098683900838745
4991.114380000349,0.3375640028292041
4991.124380000349,0.3688634573237987
4991.13438000035,0.4041800474513889
4991.14438000035,0.4439155571898363
4991.15438000035,0.48841282087331656
4991.16438000035,0.5378802631866046
4991.1743800003505,0.5922797107562989
4991.184380000351,0.6511717352326151
4991.194380000351,0.7135229417399441
4991.204380000351,0.7775015857021598
4991.214380000351,0.8403234901492345
4991.224380000352,0.8982505663645676
4991.234380000352,0.9468613233359789
4991.244380000352,0.9816630329207562
4991.254380000352,0.9989726418890659
4991.2643800003525,0.9968052558581181
4991.274380000353,0.975409080310735
4991.284380000353,0.9371961447641513
4991.294380000353,0.8861025213914671
4991.304380000353,0.8266717551087694
4991.314380000354,0.7632162214396786
4991.324380000354,0.6992788293096982
4991.334380000354,0.6374300447846392
4991.344380000354,0.5793121470663422
4991.3543800003545,0.5258111500962388
4991.364380000355,0.4772623352898505
4991.374380000355,0.4336360483044431
4991.384380000355,0.3946831346959804
4991.394380000355,0.3600385230902229
4991.404380000356,0.3292898106335604
4991.414380000356,0.30201973766419926
4991.424380000356,0.2778305743822118
4991.434380000356,0.2563566527363672
4991.444380000356,0.23726949238099693
4991.454380000357,0.22027853177483253
4991.464380000357,0.20512942834385858
4991.474380000357,0.1916011606019072
4991.484380000357,0.17950266708993967
4991.4943800003575,0.16866942970589555
4991.504380000358,0.15896019866377112
4991.514380000358,0.15025391519340497
4991.524380000358,0.1424467799539635
4991.534380000358,0.135449316289419
4991.544380000359,0.12918317861716322
4991.554380000359,0.1235773756092862
4991.564380000359,0.11856359259227625
4991.574380000359,0.11407058643749923
4991.5843800003595,0.11001845935050457
4991.59438000036,0.10631511941404663
4991.60438000036,0.10285873785831752
4991.61438000036,0.09954945313467704
4991.62438000036,0.09630872575967238
4991.634380000361,0.09309733230934328
4991.644380000361,0.08992046909758526
4991.654380000361,0.08681611212105977
4991.664380000361,0.08383430813915217
4991.674380000361,0.08101907169415216
4991.684380000362,0.07839925460517363
4991.694380000362,0.0759876764137551
4991.704380000362,0.07378464458059475
4991.714380000362,0.07178248576058303
4991.7243800003625,0.06996935683573813
4991.734380000363,0.06833187477424989
4991.744380000363,0.06685671258748395
4991.754380000363,0.06553147146984585
4991.764380000363,0.06434509711940724
4991.774380000364,0.06328801494076
4991.784380000364,0.06235209606113282
4991.794380000364,0.06153054286559047
4991.804380000364,0.0608177615037775
4991.8143800003645,0.06020925470305546
4991.824380000365,0.05970154054676386
4991.834380000365,0.05929209304524302
4991.844380000365,0.05897930125125031
4991.854380000365,0.0587624462989734
4991.864380000366,0.058641696579653825
4991.874380000366,0.058618120888529954
4991.884380000366,0.05869372174345094
4991.894380000366,0.05887150133487479
4991.9043800003665,0.059155582704836084
4991.914380000367,0.059551377228324875
4991.924380000367,0.06006567124179888
4991.934380000367,0.06070635675286286
4991.944380000367,0.061481507147180016
4991.954380000368,0.062397607872671054
4991.964380000368,0.06345681155076724
4991.974380000368,0.06465309402626207
4991.984380000368,0.06596748902320375
4991.994380000368,0.06736356779272527
4992.004380000369,0.0687859841016847
4992.014380000369,0.0701661715356164
4992.024380000369,0.07143780709853141
4992.034380000369,0.07255871723607654
4992.0443800003695,0.07352862349012816
4992.05438000037,0.07439154342234713
4992.06438000037,0.07522120115626248
4992.07438000037,0.07609900788064974
4992.08438000037,0.07709641234859828
4992.094380000371,0.07826704327869609
4992.104380000371,0.07964712725197798
4992.114380000371,0.08126002475010631
4992.124380000371,0.08312152351258187
4992.1343800003715,0.08524423741590773
4992.144380000372,0.08764069825076048
4992.154380000372,0.09032531093922111
4992.164380000372,0.0933155133543605
4992.174380000372,0.09663246822950167
4992.184380000373,0.10030154004744884
4992.194380000373,0.10435272795031976
4992.204380000373,0.1088211581104616
4992.214380000373,0.1137476926249418
4992.2243800003735,0.11917968599603983
4992.234380000374,0.1251719097345502
4992.244380000374,0.13178766466124134
4992.254380000374,0.13910010420091332
4992.264380000374,0.14719379715220515
4992.274380000375,0.15616656298443102
4992.284380000375,0.16613161433240067
4992.294380000375,0.17722003621762616
4992.304380000375,0.18958361547124106
4992.314380000375,0.20339800531353935
4992.324380000376,0.21886616569308692
4992.334380000376,0.23622194257997403
4992.344380000376,0.25573350819126556
4992.354380000376,0.2777061453078044
4992.3643800003765,0.3024834804273799
4992.374380000377,0.3304456886494611
4992.384380000377,0.3620023225683023
4992.394380000377,0.3975761708064434
4992.404380000377,0.4375728906485395
4992.414380000378,0.48232921150653985
4992.424380000378,0.5320308041527908
4992.434380000378,0.5865907959963325
4992.444380000378,0.6454840512910058
4992.4543800003785,0.7075449508515682
4992.464380000379,0.7707621018541343
4992.474380000379,0.8321426398794491
4992.484380000379,0.8877589286643262
4992.494380000379,0.9330974990530159
4992.50438000038,0.9637574156875077
4992.51438000038,0.976377614039353
4992.52438000038,0.9694843157330368
4992.53438000038,0.9438935039834924
4992.54438000038,0.9024774223080223
4992.554380000381,0.8494134763159703
4992.564380000381,0.7892534902009757
4992.574380000381,0.7261472494131909
4992.584380000381,0.6633904747005441
4992.5943800003815,0.6032926236938928
4992.604380000382,0.5472637224985607
4992.614380000382,0.4960046877350657
4992.624380000382,0.4497155788210449
4992.634380000382,0.40827576248101427
4992.644380000383,0.3713803572249922
4992.654380000383,0.33863444813133076
4992.664380000383,0.30961348308081943
4992.674380000383,0.28389933471116746
4992.6843800003835,0.26110003979694085
4992.694380000384,0.24085914351473423
4992.704380000384,0.22285873091431266
4992.714380000384,0.20681883507205623
4992.724380000384,0.19249493035818221
4992.734380000385,0.179674554600604
4992.744380000385,0.16817367038240574
4992.754380000385,0.1578331064625275
4992.764380000385,0.14851525856493028
4992.7743800003855,0.14010112976585598
4992.784380000386,0.13248772994218574
4992.794380000386,0.12558582043241936
4992.804380000386,0.11931797561048907
4992.814380000386,0.1136169290238465
4992.824380000387,0.10842417113538812
4992.834380000387,0.10368876406289172
4992.844380000387,0.09936633744970962
4992.854380000387,0.0954182349581468
4992.864380000387,0.09181079225643693
4992.874380000388,0.08851473503453268
4992.884380000388,0.08550468568545845
4992.894380000388,0.08275876484292471
4992.904380000388,0.08025827171140988
4992.9143800003885,0.07798742476867447
4992.924380000389,0.07593314312860008
4992.934380000389,0.07408484625688988
4992.944380000389,0.07243423718773585
4992.954380000389,0.07097500544078171
4992.96438000039,0.06970233908148396
4992.97438000039,0.06861207006359718
4992.98438000039,0.06769919996184023
4992.99438000039,0.0669555041215178
4993.0043800003905,0.06636600504807715
4993.014380000391,0.0659045640788071
4993.024380000391,0.06552992316538414
4993.034380000391,0.0651851307932898
4993.044380000391,0.06480417974580022
4993.054380000392,0.06432743145836607
4993.064380000392,0.06372099103845966
4993.074380000392,0.06298920268067469
4993.084380000392,0.062171694149470116
4993.094380000392,0.061327056021813736
4993.104380000393,0.060513755786705016
4993.114380000393,0.059777578740563955
4993.124380000393,0.059147836358730284
4993.134380000393,0.05863946252774859
4993.1443800003935,0.0582572605356882
4993.154380000394,0.05799995163183356
4993.164380000394,0.05786317495038229
4993.174380000394,0.05784144404888562
4993.184380000394,0.05792936143365792
4993.194380000395,0.05812238700552462
4993.204380000395,0.05841733568773521
4993.214380000395,0.058812656306825944
4993.224380000395,0.05930848814586681
4993.2343800003955,0.05990651926372804
4993.244380000396,0.060609732042409256
4993.254380000396,0.0614221477518246
4993.264380000396,0.06234865211458989
4993.274380000396,0.06339493278918797
4993.284380000397,0.06456752964187532
4993.294380000397,0.06587399595690038
4993.304380000397,0.06732315986073747
4993.314380000397,0.06892542988926097
4993.3243800003975,0.07069304399685536
4993.334380000398,0.07264019292293963
4993.344380000398,0.0747830308889019
4993.354380000398,0.0771395984713985
4993.364380000398,0.07972959033923706
4993.374380000399,0.08257378030555043
4993.384380000399,0.08569283467254346
4993.394380000399,0.08910525895199939
4993.404380000399,0.09282447330692196
4993.414380000399,0.0968557428377218
4993.4243800004,0.10119501160741823
4993.4343800004,0.10583291675309905
4993.4443800004,0.11076634547411417
4993.4543800004,0.11601502642468918
4993.4643800004005,0.12163453355467471
4993.474380000401,0.12771718313339042
4993.484380000401,0.1343810261372601
4993.494380000401,0.14175568018858287
4993.504380000401,0.14997356157647634
4993.514380000402,0.15916888930285736
4993.524380000402,0.16948205057367918
4993.534380000402,0.18106607794562052
4993.544380000402,0.19409321370973884
4993.5543800004025,0.20876079852547352
4993.564380000403,0.2252963553025653
4993.574380000403,0.243961853076587
4993.584380000403,0.2650569259202504
4993.594380000403,0.2889203696082905
4993.604380000404,0.31592854091888806
4993.614380000404,0.346488280789318
4993.624380000404,0.38102056927361955
4993.634380000404,0.419929225893207
4993.644380000404,0.4635467227333388
4993.654380000405,0.5120472078467395
4993.664380000405,0.5653167476485879
4993.674380000405,0.6227757586660709
4993.684380000405,0.6831635612668252
4993.6943800004055,0.7443251164817416
4993.704380000406,0.8030849291309591
4993.714380000406,0.855335923727689
4993.724380000406,0.8964695361496635
4993.734380000406,0.922174656613333
4993.744380000407,0.9294323296176371
4993.754380000407,0.9173366458628478
4993.764380000407,0.8873598328172198
4993.774380000407,0.8429267504267668
4993.7843800004075,0.7885127017291841
4993.794380000408,0.7286681458393838
4993.804380000408,0.6673022265839003
4993.814380000408,0.607343616420729
4993.824380000408,0.5507163447897616
4993.834380000409,0.49849695412168654
4993.844380000409,0.45113370598766184
4993.854380000409,0.40865478998283045
4993.864380000409,0.37083444473128513
4993.8743800004095,0.3373118951323293
4993.88438000041,0.3076699226823605
4993.89438000041,0.28148320543008976
4993.90438000041,0.2583458442205565
4993.91438000041,0.23788542217196176
4993.924380000411,0.2197687880344137
4993.934380000411,0.20370297717864616
4993.944380000411,0.1894333940408043
4993.954380000411,0.17674053038071708
4993.964380000411,0.16543595185358084
4993.974380000412,0.15535790496785723
4993.984380000412,0.14636661410638538
4993.994380000412,0.13833916586315534
4994.004380000412,0.13116384106314138
4994.0143800004125,0.1247339788846952
4994.024380000413,0.11894222714338995
4994.034380000413,0.11367743920716876
4994.044380000413,0.10882763609245384
4994.054380000413,0.10429111375310572
4994.064380000414,0.09999235453216268
4994.074380000414,0.09589329762662682
4994.084380000414,0.0919913971037119
4994.094380000414,0.08830532777559384
4994.1043800004145,0.08485769704289871
4994.114380000415,0.0816634751561317
4994.124380000415,0.07872635196105021
4994.134380000415,0.07604037402381515
4994.144380000415,0.07359343362550062
4994.154380000416,0.07137051752218973
4994.164380000416,0.06935600723400157
4994.174380000416,0.06753506433285546
4994.184380000416,0.06589436148853185
4994.1943800004165,0.06442240664182092
4994.204380000417,0.06310962635518703
4994.214380000417,0.06194829246866086
4994.224380000417,0.060932305451161475
4994.234380000417,0.060056780850364484
4994.244380000418,0.059317314441426544
4994.254380000418,0.058708735118509624
4994.264380000418,0.05822314231027397
4994.274380000418,0.057847197580364385
4994.284380000418,0.05755921347740967
4994.294380000419,0.05732766651409614
4994.304380000419,0.05711379634800218
4994.314380000419,0.056880224642474
4994.324380000419,0.05660350433437507
4994.3343800004195,0.056283501718609935
4994.34438000042,0.05594277019118616
4994.35438000042,0.05561638233631289
4994.36438000042,0.05533947871579091
4994.37438000042,0.05513923533636796
4994.384380000421,0.05503277460170294
4994.394380000421,0.055028858473697664
4994.404380000421,0.055130763675225174
4994.414380000421,0.055338842872962396
4994.4243800004215,0.05565231605595022
4994.434380000422,0.056070357255698935
4994.444380000422,0.05659268566349738
4994.454380000422,0.057219853264502185
4994.464380000422,0.0579533691267233
4994.474380000423,0.05879575515345286
4994.484380000423,0.0597505879969193
4994.494380000423,0.06082254193592874
4994.504380000423,0.06201742253415477
4994.514380000423,0.06334218788023849
4994.524380000424,0.06480497676893882
4994.534380000424,0.06641516791829948
4994.544380000424,0.06818347890738241
4994.554380000424,0.07012210146326704
4994.5643800004245,0.0722448734902328
4994.574380000425,0.0745675004044085
4994.584380000425,0.07710784202499846
4994.594380000425,0.07988626321191278
4994.604380000425,0.08292601959112696
4994.614380000426,0.08625365456049362
4994.624380000426,0.08989942868463296
4994.634380000426,0.09389783568227397
4994.644380000426,0.09828824790535319
4994.6543800004265,0.10311570809616168
4994.664380000427,0.10843187542917661
4994.674380000427,0.11429614124504656
4994.684380000427,0.12077694054830423
4994.694380000427,0.12795329297500843
4994.704380000428,0.1359166109845094
4994.714380000428,0.144772813784004
4994.724380000428,0.15464478185482677
4994.734380000428,0.16567517573974058
4994.7443800004285,0.17802961813669185
4994.754380000429,0.191900190705396
4994.764380000429,0.2075091109422639
4994.774380000429,0.22511230581071293
4994.784380000429,0.24500235026621184
4994.79438000043,0.26750983503931985
4994.80438000043,0.29300159145639426
4994.81438000043,0.3218732333692606
4994.82438000043,0.35453207699582845
4994.83438000043,0.3913646267381883
4994.844380000431,0.4326806353037771
4994.854380000431,0.4786239441438675
4994.864380000431,0.5290406141139355
4994.874380000431,0.5833006805769024
4994.8843800004315,0.6400864462654653
4994.894380000432,0.6971925752733967
4994.904380000432,0.7514293853051829
4994.914380000432,0.7987597919965698
4994.924380000432,0.8347855382928816
4994.934380000433,0.8555792694207718
4994.944380000433,0.8586478626231152
4994.954380000433,0.8436393488766766
4994.964380000433,0.8124485569979297
4994.9743800004335,0.7686657616628835
4994.984380000434,0.7166446351175141
4994.994380000434,0.6605932226248508
4995.004380000434,0.6039697254944947
4995.014380000434,0.549247649355135
4995.024380000435,0.4979615486639841
4995.034380000435,0.45089934151274036
4995.044380000435,0.40833028962198065
4995.054380000435,0.3702017527443472
4995.064380000435,0.33627939844743127
4995.074380000436,0.3062352093102032
4995.084380000436,0.2797000303714373
4995.094380000436,0.25629542991421056
4995.104380000436,0.23565301412309797
4995.1143800004365,0.21742500620491334
4995.124380000437,0.2012887379096333
4995.134380000437,0.18694808973146676
4995.144380000437,0.17413539411544948
4995.154380000437,0.1626164072182324
4995.164380000438,0.15219748281290849
4995.174380000438,0.14272978128725083
4995.184380000438,0.13410525214834867
4995.194380000438,0.12624490914095646
4995.2043800004385,0.11908546313543603
4995.214380000439,0.11256992612626535
4995.224380000439,0.1066435126994525
4995.234380000439,0.10125309367966137
4995.244380000439,0.09634804658420379
4995.25438000044,0.0918812061547685
4995.26438000044,0.08780944923732621
4995.27438000044,0.08409388327424236
4995.28438000044,0.08069974933242423
4995.2943800004405,0.07759615883450133
4995.304380000441,0.07475575213867669
4995.314380000441,0.07215433450535812
4995.324380000441,0.06977052081239278
4995.334380000441,0.06758540481779075
4995.344380000442,0.06558225970599182
4995.354380000442,0.06374627197729396
4995.364380000442,0.0620643086010628
4995.374380000442,0.060524716084469826
4995.384380000442,0.059117148758353215
4995.394380000443,0.05783242298565364
4995.404380000443,0.05666239613485876
4995.414380000443,0.05559987240353714
4995.424380000443,0.05463853368656444
4995.4343800004435,0.05377287956276841
4995.444380000444,0.05299815347531971
4995.454380000444,0.052310249942239914
4995.464380000444,0.051705622683894184
4995.474380000444,0.05118121581337712
4995.484380000445,0.05073442287338698
4995.494380000445,0.05036306485285112
4995.504380000445,0.05006537701740173
4995.514380000445,0.04983999893454003
4995.5243800004455,0.04968596596866984
4995.534380000446,0.04960270243731663
4995.544380000446,0.04959001734708559
4995.554380000446,0.04964810360831724
4995.564380000446,0.049777541217468954
4995.574380000447,0.04997930456007912
4995.584380000447,0.050254773878003534
4995.594380000447,0.05060575093245028
4995.604380000447,0.05103447885056126
4995.614380000447,0.05154366605022375
4995.624380000448,0.0521365140573324
4995.634380000448,0.05281674904071785
4995.644380000448,0.05358865708579113
4995.654380000448,0.05445712382421095
4995.664380000449,0.05542768043829802
4995.674380000449,0.05650656064457327
4995.684380000449,0.05770077677722532
4995.694380000449,0.059018225780906444
4995.704380000449,0.06046783417139302
4995.71438000045,0.0620597413478779
4995.72438000045,0.06380550488889232
4995.73438000045,0.06571830085339148
4995.74438000045,0.06781310113760591
4995.7543800004505,0.07010683985802107
4995.764380000451,0.07261861148252487
4995.774380000451,0.07536995276296213
4995.784380000451,0.0783852517911263
4995.794380000451,0.08169231864314815
4995.804380000452,0.0853231360815768
4995.814380000452,0.08931476696839606
4995.824380000452,0.09371034958372813
4995.834380000452,0.09856011357367776
4995.8443800004525,0.10392241165052994
4995.854380000453,0.10986483985367165
4995.864380000453,0.11646555137949105
4995.874380000453,0.12381483400460012
4995.884380000453,0.13201694077354303
4995.894380000454,0.14119206623605374
4995.904380000454,0.1514782570101848
4995.914380000454,0.1630329483320319
4995.924380000454,0.17603379576689904
4995.934380000454,0.19067870549754748
4995.944380000455,0.2071857154373037
4995.954380000455,0.2257946144449464
4995.964380000455,0.24677283613707504
4995.974380000455,0.27042594722908114
4995.9843800004555,0.2971067870670839
4995.994380000456,0.3272104384864808
4996.004380000456,0.3611410967393574
4996.014380000456,0.39924281908344794
4996.024380000456,0.4416922173576584
4996.034380000457,0.4883518509449372
4996.044380000457,0.5385838921082284
4996.054380000457,0.5910372632071971
4996.064380000457,0.6434563773000342
4996.0743800004575,0.6926107619431412
4996.084380000458,0.7344837160341352
4996.094380000458,0.7648292414425061
4996.104380000458,0.7800595225857379
4996.114380000458,0.7781944255188077
4996.124380000459,0.7594548316249388
4996.134380000459,0.726192821528586
4996.144380000459,0.682196450830772
4996.154380000459,0.6317216061489505
4996.1643800004595,0.5786565664072223
4996.17438000046,0.5260424749928306
4996.18438000046,0.47594927649026547
4996.19438000046,0.42958377003274895
4996.20438000046,0.38749491495613175
4996.214380000461,0.34978493746610145
4996.224380000461,0.3162831493259531
4996.234380000461,0.2866719195089073
4996.244380000461,0.2605700797795636
4996.254380000461,0.23758404866603128
4996.264380000462,0.2173366874792246
4996.274380000462,0.19948179438351582
4996.284380000462,0.1837098455512904
4996.294380000462,0.16974870527592428
4996.3043800004625,0.15736165613922837
4996.314380000463,0.1463441697320458
4996.324380000463,0.13652023524815327
4996.334380000463,0.12773869436656954
4996.344380000463,0.11986982282301001
4996.354380000464,0.11280227903588262
4996.364380000464,0.10644045008433455
4996.374380000464,0.10070215756240675
4996.384380000464,0.09551666668833834
4996.3943800004645,0.09082296697284177
4996.404380000465,0.08656831424604244
4996.414380000465,0.08270701572653648
4996.424380000465,0.0791994220866843
4996.434380000465,0.0760110850612828
4996.444380000466,0.0731120451489352
4996.454380000466,0.07047622209138454
4996.464380000466,0.06808088640824819
4996.474380000466,0.06590619292824801
4996.484380000466,0.06393475781703181
4996.494380000467,0.062151260025624114
4996.504380000467,0.0605420473505232
4996.514380000467,0.059094727585538236
4996.524380000467,0.05779772848041622
4996.5343800004675,0.05663981956149571
4996.544380000468,0.055609608602110144
4996.554380000468,0.05469505959518392
4996.564380000468,0.053883127131652414
4996.574380000468,0.05315965269430552
4996.584380000469,0.05250969234557178
4996.594380000469,0.05191839842456372
4996.604380000469,0.05137242578240556
4996.614380000469,0.05086159724755851
4996.6243800004695,0.050380352000681666
4996.63438000047,0.04992846795570719
4996.64438000047,0.049510771641782476
4996.65438000047,0.049135927344379195
4996.66438000047,0.04881470711511426
4996.674380000471,0.04855821024352473
4996.684380000471,0.048376326694548784
4996.694380000471,0.048276471427724836
4996.704380000471,0.04826243798397969
4996.7143800004715,0.04833328463049617
4996.724380000472,0.04848257683324562
4996.734380000472,0.048698961653331284
4996.744380000472,0.04896929003170335
4996.754380000472,0.04928425337627297
4996.764380000473,0.04964388575436208
4996.774380000473,0.05005911232259133
4996.784380000473,0.050548240346890226
4996.794380000473,0.051131294521110066
4996.804380000473,0.051825866429800284
4996.814380000474,0.052645773864333154
4996.824380000474,0.05360162767483028
4996.834380000474,0.05470189752572641
4996.844380000474,0.05595352454648727
4996.8543800004745,0.057361658526636015
4996.864380000475,0.058928498954178433
4996.874380000475,0.06065170283820303
4996.884380000475,0.06252358453399032
4996.894380000475,0.06453308704135814
4996.904380000476,0.06667204766280249
4996.914380000476,0.06894436584442562
4996.924380000476,0.07137290013701678
4996.934380000476,0.07399909201509941
4996.9443800004765,0.07687587068410384
4996.954380000477,0.08005937737940433
4996.964380000477,0.08360430800057819
4996.974380000477,0.08756367403342152
4996.984380000477,0.09199122290021246
4996.994380000478,0.09694467064726002
4997.004380000478,0.10248881107666732
4997.014380000478,0.10869830525184022
4997.024380000478,0.11566028135629874
4997.034380000478,0.12347694343469523
4997.044380000479,0.13226835517021762
4997.054380000479,0.14217550329393697
4997.064380000479,0.1533636704531229
4997.074380000479,0.16602604842899416
4997.0843800004795,0.18038737280448655
4997.09438000048,0.19670711762955578
4997.10438000048,0.21528139142274
4997.11438000048,0.2364420359239797
4997.12438000048,0.26055043048712356
4997.134380000481,0.2879820204973207
4997.144380000481,0.3190955436027371
4997.154380000481,0.3541784751840296
4997.164380000481,0.3933581102672921
4997.1743800004815,0.43646797209685045
4997.184380000482,0.4828660317799656
4997.194380000482,0.5312209524929546
4997.204380000482,0.5793210090252975
4997.214380000482,0.6240130790107993
4997.224380000483,0.661415949000631
4997.234380000483,0.6875121867123072
4997.244380000483,0.6990554177699906
4997.254380000483,0.6944867190421089
4997.2643800004835,0.6744268294257356
4997.274380000484,0.6414762133134416
4997.284380000484,0.5994343989264834
4997.294380000484,0.552338063624977
4997.304380000484,0.5037082466744238
4997.314380000485,0.45617636247238585
4997.324380000485,0.4114423954652522
4997.334380000485,0.37042507323612417
4997.344380000485,0.33347538550897204
4997.354380000485,0.30057628873904857
4997.364380000486,0.2714978708356426
4997.374380000486,0.24590482450052129
4997.384380000486,0.22342470720212992
4997.394380000486,0.203687943815406
4997.4043800004865,0.18634910118035097
4997.414380000487,0.171096501293837
4997.424380000487,0.15765495121991485
4997.434380000487,0.14578461096732986
4997.444380000487,0.13527780146624965
4997.454380000488,0.12595478149105188
4997.464380000488,0.11765913088767134
4997.474380000488,0.11025336036189448
4997.484380000488,0.10361565182773468
4997.4943800004885,0.09763877949455949
4997.504380000489,0.09223142394251486
4997.514380000489,0.08732011622202508
4997.524380000489,0.08284886568368934
4997.534380000489,0.07877527586893826
4997.54438000049,0.07506506702624531
4997.55438000049,0.0716877865387716
4997.56438000049,0.06861479918983009
4997.57438000049,0.0658189409363055
4997.5843800004905,0.06327481712623442
4997.594380000491,0.06095911065204639
4997.604380000491,0.05885069403899254
4997.614380000491,0.05693056467076147
4997.624380000491,0.05518169272704569
4997.634380000492,0.053588872870232
4997.644380000492,0.052138645297081926
4997.654380000492,0.05081930806869213
4997.664380000492,0.04962098611204384
4997.674380000492,0.048535676273494296
4997.684380000493,0.04755718587218664
4997.694380000493,0.04668093318482533
4997.704380000493,0.04590364478063754
4997.714380000493,0.04522301169998075
4997.7243800004935,0.04463733154673536
4997.734380000494,0.04414508859826932
4997.744380000494,0.04374434884079737
4997.754380000494,0.043431814155606
4997.764380000494,0.04320145984940861
4997.774380000495,0.043042996120154796
4997.784380000495,0.04294103293271319
4997.794380000495,0.042876481772848266
4997.804380000495,0.042831332845936494
4997.8143800004955,0.04279551789571854
4997.824380000496,0.04277163804707336
4997.834380000496,0.04277386213851478
4997.844380000496,0.04282191349153268
4997.854380000496,0.04293460772331002
4997.864380000497,0.04312632003388135
4997.874380000497,0.04340660298932732
4997.884380000497,0.04378146811647459
4997.894380000497,0.04425497210974429
4997.904380000497,0.04483046951555055
4997.914380000498,0.045511411394311016
4997.924380000498,0.04630177572717901
4997.934380000498,0.04720624442564863
4997.944380000498,0.048230209940657284
4997.9543800004985,0.04937965664239728
4997.964380000499,0.05066093668454781
4997.974380000499,0.052080452258946495
4997.984380000499,0.053644269645481454
4997.994380000499,0.05535772954442487
4998.0043800005,0.057225183212189286
4998.0143800005,0.059250061296658336
4998.0243800005,0.06143553301510656
4998.0343800005,0.06378597262543909
4998.0443800005005,0.0663092568142609
4998.054380000501,0.06901957997634324
4998.064380000501,0.07194013756192913
4998.074380000501,0.07510493124370159
4998.084380000501,0.07855924862990268
4998.094380000502,0.08235894814040783
4998.104380000502,0.0865691935115771
4998.114380000502,0.09126344161317308
4998.124380000502,0.09652327649687788
4998.1343800005025,0.1024393119071312
4998.144380000503,0.10911307578414361
4998.154380000503,0.1166596351461961
4998.164380000503,0.1252106887985925
4998.174380000503,0.13491788197541138
4998.184380000504,0.14595614797593678
4998.194380000504,0.15852697644943212
4998.204380000504,0.17286164532442955
4998.214380000504,0.18922439216203324
4998.224380000504,0.20791457881970973
4998.234380000505,0.22926459603053376
4998.244380000505,0.25362747486109377
4998.254380000505,0.28134680637808573
4998.264380000505,0.3127014403731882
4998.2743800005055,0.3478164575051054
4998.284380000506,0.38653113566272684
4998.294380000506,0.42822026852932854
4998.304380000506,0.47158559725951166
4998.314380000506,0.5144751327054371
4998.324380000507,0.5538433098019573
4998.334380000507,0.5859988380053633
4998.344380000507,0.6072326585505992
4998.354380000507,0.6147289867400118
4998.3643800005075,0.6074148294579717
4998.374380000508,0.5863159686476467
4998.384380000508,0.5542157736886704
4998.394380000508,0.5148122582481346
4998.404380000508,0.4718038615525618
4998.414380000509,0.42825325256814456
4998.424380000509,0.3863317727958528
4998.434380000509,0.347354914145309
4998.444380000509,0.31196193433867186
4998.454380000509,0.28032527803318524
4998.46438000051,0.252330359516186
4998.47438000051,0.22770751912008455
4998.48438000051,0.2061192824114973
4998.49438000051,0.1872133636053131
4998.5043800005105,0.1706521440796782
4998.514380000511,0.15612714782549328
4998.524380000511,0.1433645139300638
4998.534380000511,0.13212540761195207
4998.544380000511,0.12220383405452459
4998.554380000512,0.1134233211271315
4998.564380000512,0.10563328945119528
4998.574380000512,0.09870552672298777
4998.584380000512,0.0925309456600143
4998.5943800005125,0.08701666707475225
4998.604380000513,0.08208338522179463
4998.614380000513,0.07766291490156385
4998.624380000513,0.07369578577669478
4998.634380000513,0.0701287733131041
4998.644380000514,0.06691242540839126
4998.654380000514,0.06399906175210014
4998.664380000514,0.061342290946681775
4998.674380000514,0.05889915045991429
4998.6843800005145,0.056634555167400284
4998.694380000515,0.054525282099984036
4998.704380000515,0.052560106671358874
4998.714380000515,0.05073567287329945
4998.724380000515,0.04905107910875565
4998.734380000516,0.047504223851593946
4998.744380000516,0.046090648270094764
4998.754380000516,0.04480394996914413
4998.764380000516,0.04363668436692881
4998.774380000516,0.04258116632065436
4998.784380000517,0.04163000818519354
4998.794380000517,0.04077642334176935
4998.804380000517,0.04001437066862929
4998.814380000517,0.03933860391550969
4998.8243800005175,0.038744663706089116
4998.834380000518,0.03822882416329711
4998.844380000518,0.03778798538432471
4998.854380000518,0.03741948660377383
4998.864380000518,0.03712080239411915
4998.874380000519,0.03688908991851171
4998.884380000519,0.03672062356007976
4998.894380000519,0.03661034133923597
4998.904380000519,0.03655199453411763
4998.9143800005195,0.03653941413753137
4998.92438000052,0.03656871306931183
4998.93438000052,0.03664010591455499
4998.94438000052,0.0367578945699551
4998.95438000052,0.03692868129606669
4998.964380000521,0.037159285653213914
4998.974380000521,0.03745558004010732
4998.984380000521,0.03782234608839568
4998.994380000521,0.03826366084317486
4999.004380000521,0.03878338834923442
4999.014380000522,0.0393855903881472
4999.024380000522,0.040074815436177885
4999.034380000522,0.04085628593217828
4999.044380000522,0.04173602972131355
4999.0543800005225,0.04272099943956113
4999.064380000523,0.04381920301992717
4999.074380000523,0.04503985154060236
4999.084380000523,0.04639352584536435
4999.094380000523,0.04789236522187065
4999.104380000524,0.04955028479198636
4999.114380000524,0.05138323317923424
4999.124380000524,0.0534095100099045
4999.134380000524,0.05565017034686707
4999.1443800005245,0.05812953852661806
4999.154380000525,0.06087582941549781
4999.164380000525,0.0639218510448751
4999.174380000525,0.06730577758564611
4999.184380000525,0.07107203385089879
4999.194380000526,0.07527236816613651
4999.204380000526,0.07996718052782813
4999.214380000526,0.08522714601729825
4999.224380000526,0.091135160568417
4999.2343800005265,0.0977886363309502
4999.244380000527,0.10530217029280298
4999.254380000527,0.11381058732203611
4999.264380000527,0.1234723026445439
4999.274380000527,0.1344728371469142
4999.284380000528,0.14702811603581092
4999.294380000528,0.16138683087675365
4999.304380000528,0.17783056086916502
4999.314380000528,0.19666940800371568
4999.324380000528,0.2182294517256858
4999.334380000529,0.24282625751396458
4999.344380000529,0.2707160865749129
4999.354380000529,0.30201409828110864
4999.364380000529,0.3365688898816058
4999.3743800005295,0.37378982918182385
4999.38438000053,0.4124451563278258
4999.39438000053,0.4504910948680891
4999.40438000053,0.4850482432795268
4999.41438000053,0.5126719686503955
4999.424380000531,0.5299962484008109
4999.434380000531,0.5346241109590986
4999.444380000531,0.5258936678834429
4999.454380000531,0.5051044352468953
4999.4643800005315,0.47506945811747486
4999.474380000532,0.43925683966412565
4999.484380000532,0.4009563123160089
4999.494380000532,0.3627648607056502
4999.504380000532,0.3264325125544156
4999.514380000533,0.2929511421876109
4999.524380000533,0.2627451180477299
4999.534380000533,0.23586762764622443
4999.544380000533,0.21215782724222115
4999.5543800005335,0.19134836618605197
4999.564380000534,0.17313089166291484
4999.574380000534,0.15719325283901275
4999.584380000534,0.14324023750177992
4999.594380000534,0.13100472617037073
4999.604380000535,0.12025223883920651
4999.614380000535,0.11078053736482155
4999.624380000535,0.10241631913446796
4999.634380000535,0.09501111849705934
4999.644380000535,0.08843764256160068
4999.654380000536,0.08258677877766282
4999.664380000536,0.07736509267607734
4999.674380000536,0.07269264217451173
4999.684380000536,0.06850103676380134
4999.6943800005365,0.06473172597212813
4999.704380000537,0.06133451212362393
4999.714380000537,0.058266275687165116
4999.724380000537,0.05548989372353996
4999.734380000537,0.05297332778792371
4999.744380000538,0.05068885693313156
4999.754380000538,0.048612432985230235
4999.764380000538,0.046723138242766596
4999.774380000538,0.04500273002039603
4999.7843800005385,0.04343526166721482
4999.794380000539,0.04200677340844829
4999.804380000539,0.04070504376349299
4999.814380000539,0.03951938299640504
4999.824380000539,0.0384404460445036
4999.83438000054,0.03746005503764741
4999.84438000054,0.03657103924164601
4999.85438000054,0.03576710306971271
4999.86438000054,0.035042722818069416
4999.87438000054,0.034393065181537105
4999.884380000541,0.03381392042395268
4999.894380000541,0.03330164592832381
4999.904380000541,0.032853118081069645
4999.914380000541,0.03246569149412017
4999.9243800005415,0.032137164941853535
4999.934380000542,0.03186575349431055
4999.944380000542,0.031650066369700205
4999.954380000542,0.03148909009050626
4999.964380000542,0.031382176601947545
4999.974380000543,0.031329036025996314
4999.984380000543,0.03132973357790128
4999.994380000543,0.0313846898031103
