#nu,CO2/x=1/T=300K/P=.33atm/L=10cm
4975.12438,0.0
4975.13438,0.004757414183264549
4975.144380000001,0.004475666227822744
4975.154380000001,0.004235464504335812
4975.164380000001,0.004029129878310731
4975.174380000001,0.0038499467114289673
4975.1843800000015,0.0036920168162346933
4975.194380000002,0.0035518023008482016
4975.204380000002,0.003428137892463124
4975.214380000002,0.0033201522750434843
4975.224380000002,0.0032265178908147526
4975.234380000003,0.003145866740252329
4975.244380000003,0.0030771129577651327
4975.254380000003,0.003019578535315175
4975.264380000003,0.0029729955617340932
4975.2743800000035,0.0029373489461783702
4975.284380000004,0.0029124092097588274
4975.294380000004,0.002896710081506673
4975.304380000004,0.0028877800441024235
4975.314380000004,0.0028858697638256643
4975.324380000005,0.0028946552653895917
4975.334380000005,0.002917541601875697
4975.344380000005,0.002956829239349574
4975.354380000005,0.0030140383309412984
4975.364380000005,0.003088749753273168
4975.374380000006,0.003178325567471665
4975.384380000006,0.0032808243056878105
4975.394380000006,0.003402920958926563
4975.404380000006,0.0035581272948307756
4975.4143800000065,0.0037577084950774766
4975.424380000007,0.004011981353329494
4975.434380000007,0.0043345478775045606
4975.444380000007,0.004745497351807273
4975.454380000007,0.005274117170932857
4975.464380000008,0.00596227384063256
4975.474380000008,0.006869395230064678
4975.484380000008,0.008080563733972288
4975.494380000008,0.009728332509601322
4975.5043800000085,0.012023096333852795
4975.514380000009,0.015262972468880715
4975.524380000009,0.019795304596439533
4975.534380000009,0.02577478504871903
4975.544380000009,0.03243373136197834
4975.55438000001,0.03723757265297558
4975.56438000001,0.03719623203258225
4975.57438000001,0.03241709601221306
4975.58438000001,0.025943169257220004
4975.5943800000105,0.020177910994243018
4975.604380000011,0.01574038797753309
4975.614380000011,0.012436861781909312
4975.624380000011,0.010011883433404044
4975.634380000011,0.008252030923335506
4975.644380000012,0.006970447336173021
4975.654380000012,0.0060240748393441184
4975.664380000012,0.005313400311420365
4975.674380000012,0.0047706953202330165
4975.684380000012,0.004350642593941583
4975.694380000013,0.0040205185888065684
4975.704380000013,0.0037514810141120332
4975.714380000013,0.0035258415850302443
4975.724380000013,0.0033398134611343664
4975.7343800000135,0.003190317263320043
4975.744380000014,0.0030715351213993066
4975.754380000014,0.002977838037794435
4975.764380000014,0.002904855673390808
4975.774380000014,0.002849330179696487
4975.784380000015,0.0028087988446343524
4975.794380000015,0.0027814048351231767
4975.804380000015,0.0027658244212064903
4975.814380000015,0.0027611094027688017
4975.8243800000155,0.002766566710546003
4975.834380000016,0.002781723605718992
4975.844380000016,0.002806267557513726
4975.854380000016,0.0028398958239086226
4975.864380000016,0.0028823525238217142
4975.874380000017,0.0029338005500990205
4975.884380000017,0.0029947019594929337
4975.894380000017,0.0030655991449788783
4975.904380000017,0.0031470798571213046
4975.914380000017,0.003239828373979233
4975.924380000018,0.003344669400587115
4975.934380000018,0.0034625886430873923
4975.944380000018,0.0035947896149050337
4975.954380000018,0.003742701911876968
4975.9643800000185,0.0039080559219310754
4975.974380000019,0.004093024314384683
4975.984380000019,0.004300206796679521
4975.994380000019,0.004532634180221144
4976.004380000019,0.0047938929016012365
4976.01438000002,0.005088280775626392
4976.02438000002,0.005420945344398393
4976.03438000002,0.005798003982488189
4976.04438000002,0.006226858715295857
4976.0543800000205,0.006716960352462045
4976.064380000021,0.007280415947955115
4976.074380000021,0.007932324349152321
4976.084380000021,0.008691671345556743
4976.094380000021,0.009582857734096215
4976.104380000022,0.010637879230127998
4976.114380000022,0.011899433869726802
4976.124380000022,0.013425314246087844
4976.134380000022,0.015293847505114961
4976.1443800000225,0.017606493315942592
4976.154380000023,0.020475060568076506
4976.164380000023,0.024000842931690372
4976.174380000023,0.028356592194584224
4976.184380000023,0.03394961198818613
4976.194380000024,0.041391192365532924
4976.204380000024,0.05141384676284968
4976.214380000024,0.06482713774240773
4976.224380000024,0.08230787887095722
4976.234380000024,0.1040307438466251
4976.244380000025,0.12886639216576148
4976.254380000025,0.1521457857519826
4976.264380000025,0.16471107457029677
4976.274380000025,0.1594448884952464
4976.2843800000255,0.13951249619629322
4976.294380000026,0.11480053925390067
4976.304380000026,0.09284663827197244
4976.314380000026,0.07638957552781728
4976.324380000026,0.06552037331372068
4976.334380000027,0.05957824775051759
4976.344380000027,0.05768005543998353
4976.354380000027,0.058134067217678304
4976.364380000027,0.05769654302016577
4976.3743800000275,0.053255153271467015
4976.384380000028,0.04523105556340547
4976.394380000028,0.03657853061827813
4976.404380000028,0.029280763147641664
4976.414380000028,0.02371274711804157
4976.424380000029,0.019572748810013255
4976.434380000029,0.016474189989844745
4976.444380000029,0.014112524709481747
4976.454380000029,0.012274755194455362
4976.464380000029,0.010816114382581921
4976.47438000003,0.009637883409798187
4976.48438000003,0.00867170412907056
4976.49438000003,0.007869169406819202
4976.50438000003,0.007194682763696977
4976.5143800000305,0.0066213053000181085
4976.524380000031,0.006129965107994155
4976.534380000031,0.005707211661353332
4976.544380000031,0.005342229187480143
4976.554380000031,0.005026271902246149
4976.564380000032,0.004752458229566945
4976.574380000032,0.0045154233465320446
4976.584380000032,0.004310997459732814
4976.594380000032,0.004135891288132565
4976.6043800000325,0.003987390759676961
4976.614380000033,0.003863632821224859
4976.624380000033,0.003764358954679771
4976.634380000033,0.0036906721202958803
4976.644380000033,0.0036446688106113482
4976.654380000034,0.0036300215976874076
4976.664380000034,0.0036531031716039403
4976.674380000034,0.0037245549756136577
4976.684380000034,0.0038612351751225633
4976.6943800000345,0.004086564703164551
4976.704380000035,0.004419984859868479
4976.714380000035,0.004842038633032715
4976.724380000035,0.005285058138017999
4976.734380000035,0.005706342607994354
4976.744380000036,0.006026146021920515
4976.754380000036,0.006078254702510945
4976.764380000036,0.005890025637219208
4976.774380000036,0.005703152278398849
4976.784380000036,0.005692691916323755
4976.794380000037,0.005912512723130473
4976.804380000037,0.006381040663684608
4976.814380000037,0.007134792142482397
4976.824380000037,0.008250104963858824
4976.8343800000375,0.00986010781353558
4976.844380000038,0.012175881856668647
4976.854380000038,0.015501259550566514
4976.864380000038,0.020179750436116382
4976.874380000038,0.026278556320588255
4976.884380000039,0.032732084429475235
4976.894380000039,0.036626340552866746
4976.904380000039,0.035244856414244345
4976.914380000039,0.029596563714456108
4976.9243800000395,0.022986619762550477
4976.93438000004,0.01745468710061201
4976.94438000004,0.013378057979675997
4976.95438000004,0.010482783340834589
4976.96438000004,0.008422170548928938
4976.974380000041,0.00693078974702525
4976.984380000041,0.005828902910508534
4976.994380000041,0.004997590378421841
4977.004380000041,0.004357732279962413
4977.0143800000415,0.0038561141722601275
4977.024380000042,0.0034563913060312646
4977.034380000042,0.0031332864122963406
4977.044380000042,0.0028689818483881905
4977.054380000042,0.0026508439365886655
4977.064380000043,0.0024699447172156935
4977.074380000043,0.0023198652493457996
4977.084380000043,0.0021943549719321592
4977.094380000043,0.0020838383708290716
4977.104380000043,0.0019805143045521973
4977.114380000044,0.0018867035607676992
4977.124380000044,0.0018057825760769272
4977.134380000044,0.001737004194008322
4977.144380000044,0.0016784630262190387
4977.1543800000445,0.001628555595600957
4977.164380000045,0.0015860641450625775
4977.174380000045,0.001550337172859129
4977.184380000045,0.0015214688540124996
4977.194380000045,0.0015000826085858083
4977.204380000046,0.0014874214756999942
4977.214380000046,0.0014858562067246543
4977.224380000046,0.001499461219978165
4977.234380000046,0.0015338478136853833
4977.2443800000465,0.0015952137060355836
4977.254380000047,0.001688307937117771
4977.264380000047,0.001792471221888139
4977.274380000047,0.0018329089078971547
4977.284380000047,0.001759311363801935
4977.294380000048,0.0016307929264396997
4977.304380000048,0.001518630772651333
4977.314380000048,0.0014405877485609256
4977.324380000048,0.0013892122803191758
4977.334380000048,0.0013560117049365526
4977.344380000049,0.0013355772164521757
4977.354380000049,0.0013243162187633333
4977.364380000049,0.0013199348432452903
4977.374380000049,0.0013210909450443382
4977.3843800000495,0.0013270833230987684
4977.39438000005,0.0013376686280836484
4977.40438000005,0.001352998762901546
4977.41438000005,0.0013736519903436424
4977.42438000005,0.0014006736812401713
4977.434380000051,0.0014351533556502586
4977.444380000051,0.001475839630777198
4977.454380000051,0.0015154784025885905
4977.464380000051,0.001547605513184959
4977.4743800000515,0.0015784517813716627
4977.484380000052,0.0016171637105051467
4977.494380000052,0.0016668544503112153
4977.504380000052,0.0017278413777475064
4977.514380000052,0.0018006959539931253
4977.524380000053,0.0018867455811932608
4977.534380000053,0.0019879645419779066
4977.544380000053,0.0021070882549147165
4977.554380000053,0.0022478066908733127
4977.5643800000535,0.002415018810642422
4977.574380000054,0.002615224985749995
4977.584380000054,0.0028571309853809173
4977.594380000054,0.0031525500148393637
4977.604380000054,0.003517766628077703
4977.614380000055,0.003975634263514096
4977.624380000055,0.004558835020543001
4977.634380000055,0.005315023964319
4977.644380000055,0.006315047434323063
4977.654380000055,0.007666009396389048
4977.664380000056,0.009531011910716456
4977.674380000056,0.012154265018849206
4977.684380000056,0.015873037836234446
4977.694380000056,0.02103156875950649
4977.7043800000565,0.02755171196476446
4977.714380000057,0.03392983295702423
4977.724380000057,0.03686546312971203
4977.734380000057,0.03422010564014138
4977.744380000057,0.02797369386858157
4977.754380000058,0.021470767390323747
4977.764380000058,0.0163102647871489
4977.774380000058,0.01261594910206914
4977.784380000058,0.010057774619148595
4977.7943800000585,0.008302063514171155
4977.804380000059,0.007089162309478111
4977.814380000059,0.006200728554657131
4977.824380000059,0.005483674284837112
4977.834380000059,0.004903968188844516
4977.84438000006,0.004468221325116917
4977.85438000006,0.004169705178301809
4977.86438000006,0.00400550182795811
4977.87438000006,0.003979740634980256
4977.88438000006,0.004102172758752181
4977.894380000061,0.004368249659721374
4977.904380000061,0.004691072335589584
4977.914380000061,0.004853667237589112
4977.924380000061,0.004708248299756332
4977.9343800000615,0.0044001966162355195
4977.944380000062,0.004156653139071115
4977.954380000062,0.004079281429976571
4977.964380000062,0.004189509968917886
4977.974380000062,0.004502126339049814
4977.984380000063,0.0050486782140657886
4977.994380000063,0.005857938180643278
4978.004380000063,0.006868137891736207
4978.014380000063,0.007771145004225618
4978.0243800000635,0.008062532013181528
4978.034380000064,0.007578199795154302
4978.044380000064,0.0067279705397015905
4978.054380000064,0.005963903603059784
4978.064380000064,0.005459741542150711
4978.074380000065,0.005217429500227268
4978.084380000065,0.005199840065102501
4978.094380000065,0.005381488051169638
4978.104380000065,0.005760494342652769
4978.1143800000655,0.006362129427815285
4978.124380000066,0.007242634778970012
4978.134380000066,0.00849923881311792
4978.144380000066,0.01028879269387994
4978.154380000066,0.012853172654873648
4978.164380000067,0.01653343017225658
4978.174380000067,0.02168672083318478
4978.184380000067,0.02825266422240686
4978.194380000067,0.034716216386400205
4978.204380000067,0.03769051978001461
4978.214380000068,0.03496864511147007
4978.224380000068,0.02860366245238116
4978.234380000068,0.022022960373908447
4978.244380000068,0.016827399370166897
4978.2543800000685,0.013112707182478185
4978.264380000069,0.010525286203483523
4978.274380000069,0.008718260901470083
4978.284380000069,0.0074425154629261785
4978.294380000069,0.006533970778364417
4978.30438000007,0.00588755395534527
4978.31438000007,0.005437437712334286
4978.32438000007,0.00514410579057893
4978.33438000007,0.0049822489880698055
4978.3443800000705,0.0049165614930641345
4978.354380000071,0.004872553748480891
4978.364380000071,0.004788724855822478
4978.374380000071,0.0047021031870140865
4978.384380000071,0.004674141240703109
4978.394380000072,0.004722708096176813
4978.404380000072,0.004843882154261424
4978.414380000072,0.005033333450795348
4978.424380000072,0.00529133122339169
4978.434380000072,0.00562301656523783
4978.444380000073,0.006038389783712556
4978.454380000073,0.0065525874597908785
4978.464380000073,0.007186737574871619
4978.474380000073,0.0079697424115283
4978.4843800000735,0.008941137732550543
4978.494380000074,0.010155324135523244
4978.504380000074,0.011687864269212237
4978.514380000074,0.013644765344374803
4978.524380000074,0.016175653355532355
4978.534380000075,0.019491715747238927
4978.544380000075,0.023886532498475607
4978.554380000075,0.029747387324896107
4978.564380000075,0.0375145057695598
4978.5743800000755,0.047473341014762464
4978.584380000076,0.0591724311278718
4978.594380000076,0.07045081503383152
4978.604380000076,0.077206823151366
4978.614380000076,0.07595272887320377
4978.624380000077,0.06739455349022061
4978.634380000077,0.05563300024351451
4978.644380000077,0.04431486911634082
4978.654380000077,0.0350011309023636
4978.6643800000775,0.027836867697197155
4978.674380000078,0.022452523172896637
4978.684380000078,0.018413433086017898
4978.694380000078,0.015358397560760973
4978.704380000078,0.01301418533002944
4978.714380000079,0.011184008048511248
4978.724380000079,0.009736258798007817
4978.734380000079,0.008580594372318676
4978.744380000079,0.007649976427875797
4978.754380000079,0.006894170690253091
4978.76438000008,0.006275931744844018
4978.77438000008,0.005767749078666572
4978.78438000008,0.005349174533376366
4978.79438000008,0.005004925246976571
4978.8043800000805,0.00472364270580507
4978.814380000081,0.00449735871497568
4978.824380000081,0.004321336741798224
4978.834380000081,0.004193853883672065
4978.844380000081,0.004116400643938508
4978.854380000082,0.00409383000167008
4978.864380000082,0.004129247497293698
4978.874380000082,0.004201008383578041
4978.884380000082,0.004247359531672278
4978.8943800000825,0.0042431786524308275
4978.904380000083,0.004249773483199058
4978.914380000083,0.004323434175490585
4978.924380000083,0.0044821307234301465
4978.934380000083,0.004733934760117121
4978.944380000084,0.00509359402287204
4978.954380000084,0.005587876109921232
4978.964380000084,0.006259957962607703
4978.974380000084,0.007176930995357268
4978.9843800000845,0.008442676126655311
4978.994380000085,0.010218062014898993
4979.004380000085,0.012749067431494789
4979.014380000085,0.016389439940816337
4979.024380000085,0.021544193163342232
4979.034380000086,0.02828617302039713
4979.044380000086,0.0352998400873898
4979.054380000086,0.03912691139828878
4979.064380000086,0.036947694683097734
4979.074380000086,0.030442837492852846
4979.084380000087,0.023364937660456934
4979.094380000087,0.017678505024063703
4979.104380000087,0.01358940228313424
4979.114380000087,0.010730637639562685
4979.1243800000875,0.008720524021845638
4979.134380000088,0.007281656961977224
4979.144380000088,0.0062300908754202074
4979.154380000088,0.005446139371462781
4979.164380000088,0.004851405627714406
4979.174380000089,0.004393777270795537
4979.184380000089,0.004037923712996428
4979.194380000089,0.0037593989370934837
4979.204380000089,0.0035410146674173947
4979.2143800000895,0.0033705417093017327
4979.22438000009,0.0032392085444962948
4979.23438000009,0.0031407029732336677
4979.24438000009,0.0030705310604532154
4979.25438000009,0.0030256317994231483
4979.264380000091,0.0030041195434142138
4979.274380000091,0.0030050855953235637
4979.284380000091,0.0030285032103105195
4979.294380000091,0.003075229121557967
4979.304380000091,0.003147109668773386
4979.314380000092,0.0032472160195453187
4979.324380000092,0.0033800933371884697
4979.334380000092,0.0035521347531071263
4979.344380000092,0.0037723896926488264
4979.3543800000925,0.004054075482194967
4979.364380000093,0.0044164768541336335
4979.374380000093,0.0048873608790921666
4979.384380000093,0.005505918040109031
4979.394380000093,0.006319795308052631
4979.404380000094,0.007368128260229285
4979.414380000094,0.0087006392296622
4979.424380000094,0.010487357251275954
4979.434380000094,0.0130423655797644
4979.4443800000945,0.01674877312341743
4979.454380000095,0.021957199287517676
4979.464380000095,0.028521597721311954
4979.474380000095,0.03471317891044858
4979.484380000095,0.037043935350707
4979.494380000096,0.03373396460055908
4979.504380000096,0.027260480231461024
4979.514380000096,0.020904672808695797
4979.524380000096,0.015990198523051787
4979.5343800000965,0.012501019965700109
4979.544380000097,0.010071351161622001
4979.554380000097,0.008366812502460604
4979.564380000097,0.007151117019873238
4979.574380000097,0.006268602373785946
4979.584380000098,0.005618431260794261
4979.594380000098,0.005134688910678497
4979.604380000098,0.0047733572795969955
4979.614380000098,0.004504609947263082
4979.624380000098,0.004308069463731734
4979.634380000099,0.004169823606982508
4979.644380000099,0.004080569896914348
4979.654380000099,0.004034465080494043
4979.664380000099,0.0040283204264437026
4979.6743800000995,0.004060720868349926
4979.6843800001,0.004131165580150974
4979.6943800001,0.004241545121712325
4979.7043800001,0.004400443084910955
4979.7143800001,0.004624299786911145
4979.724380000101,0.004936840290479502
4979.734380000101,0.005371566881210856
4979.744380000101,0.0059736986134625615
4979.754380000101,0.006789053918170739
4979.7643800001015,0.007809219525482002
4979.774380000102,0.008843517230908314
4979.784380000102,0.009456537828111558
4979.794380000102,0.009320828585793143
4979.804380000102,0.00864930309298715
4979.814380000103,0.007905569198293981
4979.824380000103,0.007350052014410388
4979.834380000103,0.007026038052675289
4979.844380000103,0.006897127034426105
4979.854380000103,0.006920143510079899
4979.864380000104,0.007064192892156375
4979.874380000104,0.00731165998497555
4979.884380000104,0.007656073523843463
4979.894380000104,0.008099924959956095
4979.9043800001045,0.008650246835748275
4979.914380000105,0.009303252595325644
4979.924380000105,0.010024413640220687
4979.934380000105,0.010792598876748648
4979.944380000105,0.011658485376916293
4979.954380000106,0.012682778071279299
4979.964380000106,0.013908671118246311
4979.974380000106,0.015387595629677005
4979.984380000106,0.01718072425314475
4979.9943800001065,0.01936369010445304
4980.004380000107,0.02203881765284874
4980.014380000107,0.02534816473263949
4980.024380000107,0.029490457025495548
4980.034380000107,0.034745955457994276
4980.044380000108,0.0415139238209243
4980.054380000108,0.05036753945658839
4980.064380000108,0.06212808801347713
4980.074380000108,0.07794503780361038
4980.0843800001085,0.09930863861229577
4980.094380000109,0.12774186805075444
4980.104380000109,0.16353143750780041
4980.114380000109,0.20267184709307887
4980.124380000109,0.2335457878117259
4980.13438000011,0.24100932564760688
4980.14438000011,0.2207149808784552
4980.15438000011,0.18421392400130043
4980.16438000011,0.14602796101781199
4980.17438000011,0.11376840956236503
4980.184380000111,0.08897412582906973
4980.194380000111,0.07058866080776761
4980.204380000111,0.057043141523883296
4980.214380000111,0.046999677346148815
4980.2243800001115,0.039475898834493206
4980.234380000112,0.03378712927269089
4980.244380000112,0.029465376833189092
4980.254380000112,0.02619511766644358
4980.264380000112,0.023769970684449887
4980.274380000113,0.022066882588590044
4980.284380000113,0.021033806351322785
4980.294380000113,0.02068943196543877
4980.304380000113,0.02113445539681217
4980.3143800001135,0.02257031267710709
4980.324380000114,0.025309391974925512
4980.334380000114,0.029674186505518278
4980.344380000114,0.035471682972132317
4980.354380000114,0.040854377652298414
4980.364380000115,0.042265740590567945
4980.374380000115,0.03813948330160638
4980.384380000115,0.03117260594519682
4980.394380000115,0.02457446312584866
4980.404380000115,0.019518508887569456
4980.414380000116,0.015913605816071628
4980.424380000116,0.013374135589316018
4980.434380000116,0.011541593176689543
4980.444380000116,0.010136864687073633
4980.4543800001165,0.009011475633465623
4980.464380000117,0.008116706799956306
4980.474380000117,0.007413029599866366
4980.484380000117,0.006856862012439614
4980.494380000117,0.00641291259558402
4980.504380000118,0.006056127765638191
4980.514380000118,0.005769269730403595
4980.524380000118,0.005540536618181934
4980.534380000118,0.005361980991705268
4980.5443800001185,0.005228557479168918
4980.554380000119,0.005137510219578972
4980.564380000119,0.0050880843141699345
4980.574380000119,0.005081493769131139
4980.584380000119,0.00512109872620594
4980.59438000012,0.005212823296436366
4980.60438000012,0.005365900139578695
4980.61438000012,0.005594133597024645
4980.62438000012,0.005917984724647342
4980.6343800001205,0.006367832079577664
4980.644380000121,0.006989094428938595
4980.654380000121,0.007850633209386147
4980.664380000121,0.0090585032049392
4980.674380000121,0.010777367755940908
4980.684380000122,0.013258932914896658
4980.694380000122,0.016857416980936738
4980.704380000122,0.02193349760959987
4980.714380000122,0.02835250687785105
4980.724380000122,0.03434091693384901
4980.734380000123,0.03635000444494361
4980.744380000123,0.03275739188611908
4980.754380000123,0.026261716593034203
4980.764380000123,0.020093431220694014
4980.7743800001235,0.015416377505495099
4980.784380000124,0.01212528604505311
4980.794380000124,0.009835409214705713
4980.804380000124,0.008220923574536576
4980.814380000124,0.007058220589871903
4980.824380000125,0.006201999323367182
4980.834380000125,0.00555837259064653
4980.844380000125,0.005065914591765298
4980.854380000125,0.0046837316953497595
4980.8643800001255,0.0043841663688072375
4980.874380000126,0.004148369519673199
4980.884380000126,0.00396366935598401
4980.894380000126,0.003822123704461423
4980.904380000126,0.003719865326305179
4980.914380000127,0.003656270993658724
4980.924380000127,0.0036287485197750505
4980.934380000127,0.0036150758731070144
4980.944380000127,0.003568554230920251
4980.9543800001275,0.003480170949757774
4980.964380000128,0.003391698976908655
4980.974380000128,0.00332776095444375
4980.984380000128,0.0032879384529496763
4980.994380000128,0.0032662925390189975
4981.004380000129,0.0032583489874408664
4981.014380000129,0.0032613588299319914
4981.024380000129,0.0032736315802075282
4981.034380000129,0.003294096739032077
4981.044380000129,0.0033220478344063577
4981.05438000013,0.003357053510499507
4981.06438000013,0.00339898578180625
4981.07438000013,0.0034479790893223866
4981.08438000013,0.003504254151555473
4981.0943800001305,0.0035680646456307413
4981.104380000131,0.003639870509915631
4981.114380000131,0.0037205855279166086
4981.124380000131,0.003811507964209475
4981.134380000131,0.003914215064462447
4981.144380000132,0.004030612066765725
4981.154380000132,0.004162662979403271
4981.164380000132,0.004312333871156094
4981.174380000132,0.004484068749961826
4981.1843800001325,0.00468874777155131
4981.194380000133,0.004943975931380955
4981.204380000133,0.00527158313894638
4981.214380000133,0.005684611502437993
4981.224380000133,0.006136594071472022
4981.234380000134,0.006468027011336283
4981.244380000134,0.006553182149777287
4981.254380000134,0.006501945239043144
4981.264380000134,0.006484644199554872
4981.274380000134,0.006560913957591719
4981.284380000135,0.006724091019194944
4981.294380000135,0.006957097883196679
4981.304380000135,0.007248155158522123
4981.314380000135,0.007591385703796494
4981.3243800001355,0.007985071184666096
4981.334380000136,0.008430515798352576
4981.344380000136,0.008931827744869348
4981.354380000136,0.009495732391308692
4981.364380000136,0.010131057446161358
4981.374380000137,0.01084867458178986
4981.384380000137,0.011662070351412035
4981.394380000137,0.012588359588542172
4981.404380000137,0.013649775302720345
4981.4143800001375,0.014875312921809767
4981.424380000138,0.016300707165565156
4981.434380000138,0.017960545904849322
4981.444380000138,0.019874664336045733
4981.454380000138,0.02208301547256055
4981.464380000139,0.02470477757887169
4981.474380000139,0.02789955973658275
4981.484380000139,0.031835987197161374
4981.494380000139,0.03669493820800451
4981.5043800001395,0.042619900823308715
4981.51438000014,0.04962617720455662
4981.52438000014,0.05771314698707922
4981.53438000014,0.06734908564905981
4981.54438000014,0.07970326498498861
4981.554380000141,0.09636208434800768
4981.564380000141,0.11923742444997909
4981.574380000141,0.15076638383505242
4981.584380000141,0.1938864814896457
4981.594380000141,0.25090274232471454
4981.604380000142,0.31963505268649656
4981.614380000142,0.38640740341549235
4981.624380000142,0.424565274994831
4981.634380000142,0.41347097216276435
4981.6443800001425,0.3604024825730595
4981.654380000143,0.29072249633208125
4981.664380000143,0.2255039664214151
4981.674380000143,0.17348963261956554
4981.684380000143,0.13477881124090818
4981.694380000144,0.10650559921096914
4981.704380000144,0.08575342794125979
4981.714380000144,0.07030158334254928
4981.724380000144,0.05859735107348445
4981.7343800001445,0.04957875620397048
4981.744380000145,0.04251817722748877
4981.754380000145,0.03691150591955933
4981.764380000145,0.03240432034584861
4981.774380000145,0.02874369865236538
4981.784380000146,0.025746782270945016
4981.794380000146,0.023280068733327015
4981.804380000146,0.021245673017139408
4981.814380000146,0.019572283032696508
4981.824380000146,0.018209395332391097
4981.834380000147,0.017123864295728153
4981.844380000147,0.01629842555782297
4981.854380000147,0.015732337207724656
4981.864380000147,0.01544457646633402
4981.8743800001475,0.015480645877930892
4981.884380000148,0.015924962225407097
4981.894380000148,0.016921411284811127
4981.904380000148,0.018701424550264863
4981.914380000148,0.021598321181454785
4981.924380000149,0.025953515722953024
4981.934380000149,0.03166302182978178
4981.944380000149,0.037098807850625415
4981.954380000149,0.038808945024207654
4981.9643800001495,0.03508958463923691
4981.97438000015,0.028570163911701144
4981.98438000015,0.022436612283744724
4981.99438000015,0.017797400035066885
4982.00438000015,0.014519540175001395
4982.014380000151,0.012216001755815201
4982.024380000151,0.01056299032966743
4982.034380000151,0.00933178226210834
4982.044380000151,0.00837718846914114
4982.0543800001515,0.007621204959354121
4982.064380000152,0.007016530793877285
4982.074380000152,0.00652639967390731
4982.084380000152,0.006122813550328731
4982.094380000152,0.005785677378984361
4982.104380000153,0.005500637119049883
4982.114380000153,0.0052573306272891245
4982.124380000153,0.005048247370265546
4982.134380000153,0.004867825983612828
4982.144380000153,0.004711537126218016
4982.154380000154,0.0045751498950792795
4982.164380000154,0.004454983594158229
4982.174380000154,0.004349318220474274
4982.184380000154,0.004258467447642228
4982.1943800001545,0.004183220308766453
4982.204380000155,0.004124504884074737
4982.214380000155,0.004084452151097802
4982.224380000155,0.004067549017989562
4982.234380000155,0.004081820452314411
4982.244380000156,0.004140333985313585
4982.254380000156,0.004260549153980157
4982.264380000156,0.004448699961400838
4982.274380000156,0.004645802993836428
4982.2843800001565,0.004696241795780823
4982.294380000157,0.004524886380575366
4982.304380000157,0.004262876994721087
4982.314380000157,0.004040318686540145
4982.324380000157,0.0038858383256386133
4982.334380000158,0.003785288954330229
4982.344380000158,0.0037217386795651663
4982.354380000158,0.0036837018786591968
4982.364380000158,0.0036645188715503187
4982.374380000158,0.003660933114140309
4982.384380000159,0.003672478163317862
4982.394380000159,0.0037012444228695855
4982.404380000159,0.003749061209009357
4982.414380000159,0.0038057086177736297
4982.4243800001595,0.0038390406029725215
4982.43438000016,0.003836006360269767
4982.44438000016,0.0038265195416836125
4982.45438000016,0.0038321825500685497
4982.46438000016,0.0038542843016497763
4982.474380000161,0.0038889883860764793
4982.484380000161,0.00393327930371678
4982.494380000161,0.003985511687791057
4982.504380000161,0.0040449525508484034
4982.5143800001615,0.004111302848696876
4982.524380000162,0.004184491925450673
4982.534380000162,0.004264619063787469
4982.544380000162,0.004351914251011084
4982.554380000162,0.004446712776967665
4982.564380000163,0.004549448536595304
4982.574380000163,0.004660658123310631
4982.584380000163,0.004780979711912776
4982.594380000163,0.004911165330796674
4982.6043800001635,0.005052110693970215
4982.614380000164,0.005204884637630513
4982.624380000164,0.005370731617673406
4982.634380000164,0.005550938013702704
4982.644380000164,0.005746335835579886
4982.654380000165,0.005956736581003573
4982.664380000165,0.006182139342495532
4982.674380000165,0.006425257110892374
4982.684380000165,0.006690659289912068
4982.694380000165,0.006982382613154011
4982.704380000166,0.0073037252215437274
4982.714380000166,0.007657894010909294
4982.724380000166,0.008048714116768349
4982.734380000166,0.008481694457838522
4982.7443800001665,0.008964652781482963
4982.754380000167,0.009507422996484733
4982.764380000167,0.010122013766652713
4982.774380000167,0.010823659538717965
4982.784380000167,0.011632372313132565
4982.794380000168,0.01257539911174798
4982.804380000168,0.013691124971852113
4982.814380000168,0.015034831968263267
4982.824380000168,0.01668784123796877
4982.8343800001685,0.018772752367953293
4982.844380000169,0.021477068871374
4982.854380000169,0.02508236862738422
4982.864380000169,0.029967137607463737
4982.874380000169,0.03644033441747678
4982.88438000017,0.044053091920405026
4982.89438000017,0.050482556507712106
4982.90438000017,0.05252491214200323
4982.91438000017,0.05025181464965092
4982.9243800001705,0.04700387943999492
4982.934380000171,0.045227716532293655
4982.944380000171,0.04552067081574965
4982.954380000171,0.047771384440732007
4982.964380000171,0.05185800758779978
4982.974380000172,0.05783837699723344
4982.984380000172,0.06598743381417846
4982.994380000172,0.07682848033252603
4983.004380000172,0.09120034548782943
4983.014380000172,0.11037784527279701
4983.024380000173,0.13625497023041802
4983.034380000173,0.17156945858747868
4983.044380000173,0.2200139273295099
4983.054380000173,0.285632324888761
4983.0643800001735,0.36982106472115217
4983.074380000174,0.46341255018931665
4983.084380000174,0.5373115001740282
4983.094380000174,0.5531323925288069
4983.104380000174,0.5021885460379093
4983.114380000175,0.4168243780895966
4983.124380000175,0.3332131257463694
4983.134380000175,0.26641425066644664
4983.144380000175,0.2147996249125798
4983.1543800001755,0.17267996016041848
4983.164380000176,0.1381397468213282
4983.174380000176,0.1112536083187498
4983.184380000176,0.09111641717694727
4983.194380000176,0.07619361116673451
4983.204380000177,0.0650952960105271
4983.214380000177,0.05670140479820518
4983.224380000177,0.05001827638086272
4983.234380000177,0.044223708468091795
4983.244380000177,0.03896979089605159
4983.254380000178,0.034342085484330216
4983.264380000178,0.030455806191356644
4983.274380000178,0.027288555286585803
4983.284380000178,0.024734260471444322
4983.2943800001785,0.02262309708040281
4983.304380000179,0.0207241822350385
4983.314380000179,0.018918554572801116
4983.324380000179,0.01727860236017238
4983.334380000179,0.01586738283464929
4983.34438000018,0.014671506466379495
4983.35438000018,0.013654157730325663
4983.36438000018,0.012775350037436019
4983.37438000018,0.011986190295632899
4983.3843800001805,0.011255634138704954
4983.394380000181,0.010591490057486644
4983.404380000181,0.01000018420766866
4983.414380000181,0.009474096310743694
4983.424380000181,0.009002936707262458
4983.434380000182,0.00857839110576183
4983.444380000182,0.008194211339316785
4983.454380000182,0.00784551619682341
4983.464380000182,0.007528399308923351
4983.4743800001825,0.00723975623741636
4983.484380000183,0.006977208385006368
4983.494380000183,0.006739119499693882
4983.504380000183,0.006524677860365921
4983.514380000183,0.006333807734339792
4983.524380000184,0.006165851859737265
4983.534380000184,0.006014928309124413
4983.544380000184,0.005866137627453985
4983.554380000184,0.005708472382332744
4983.564380000184,0.005548196487693435
4983.574380000185,0.005397839242612951
4983.584380000185,0.005263716070867494
4983.594380000185,0.0051451299462748614
4983.604380000185,0.005039493483347655
4983.6143800001855,0.004944708981613143
4983.624380000186,0.004859351312855382
4983.634380000186,0.004782435822860858
4983.644380000186,0.004713244332715957
4983.654380000186,0.004651231167055604
4983.664380000187,0.004595970736845004
4983.674380000187,0.004547127025579194
4983.684380000187,0.004504437236867743
4983.694380000187,0.0044677039526997385
4983.7043800001875,0.004436790825176781
4983.714380000188,0.004411620297353649
4983.724380000188,0.004392167161580558
4983.734380000188,0.004378449149076802
4983.744380000188,0.004370569087750593
4983.754380000189,0.004368822235177003
4983.764380000189,0.004373754239888851
4983.774380000189,0.004386210193480755
4983.784380000189,0.004407441401165862
4983.794380000189,0.00443938611384786
4983.80438000019,0.0044842290130873725
4983.81438000019,0.004537930933580418
4983.82438000019,0.004580857946696921
4983.83438000019,0.004601864177980483
4983.8443800001905,0.00461999966212622
4983.854380000191,0.004650131661469778
4983.864380000191,0.004693378112749683
4983.874380000191,0.004748524797002186
4983.884380000191,0.004815162906092586
4983.894380000192,0.004893273925809644
4983.904380000192,0.004983106913442611
4983.914380000192,0.005085230021800005
4983.924380000192,0.005200721801214245
4983.9343800001925,0.005331125188851716
4983.944380000193,0.005478416982331463
4983.954380000193,0.005645135729135634
4983.964380000193,0.005834538120598284
4983.974380000193,0.006050825366043411
4983.984380000194,0.006299599078463646
4983.994380000194,0.006588434188166451
4984.004380000194,0.006927477535831856
4984.014380000194,0.007330811387280956
4984.0243800001945,0.007818643770531701
4984.034380000195,0.008420145235301837
4984.044380000195,0.009178406921608831
4984.054380000195,0.01015859028879958
4984.064380000195,0.01146043375296544
4984.074380000196,0.013236109070241862
4984.084380000196,0.01571352459901521
4984.094380000196,0.01921529685923391
4984.104380000196,0.024053992549604955
4984.114380000196,0.029926235166154145
4984.124380000197,0.03476034813293888
4984.134380000197,0.0353724457583864
4984.144380000197,0.031540700704630754
4984.154380000197,0.02636013187863599
4984.1643800001975,0.022127827335648345
4984.174380000198,0.019303062950548806
4984.184380000198,0.017620085803325473
4984.194380000198,0.016756443812605673
4984.204380000198,0.016489258730206374
4984.214380000199,0.016693486981570266
4984.224380000199,0.017319601727879077
4984.234380000199,0.01838140416683638
4984.244380000199,0.019958321912088246
4984.2543800001995,0.022212104074615605
4984.2643800002,0.02541006118282209
4984.2743800002,0.029903154340664158
4984.2843800002,0.03586330412716195
4984.2943800002,0.04245514523111641
4984.304380000201,0.04702117832599889
4984.314380000201,0.04707086147274622
4984.324380000201,0.043910066165154735
4984.334380000201,0.04073974506048424
4984.344380000201,0.03914409417596266
4984.354380000202,0.039252524469635695
4984.364380000202,0.04082389752957851
4984.374380000202,0.04368400907129655
4984.384380000202,0.04780152340244922
4984.394380000203,0.05328296715135224
4984.404380000203,0.06037141281530584
4984.414380000203,0.06946681188063333
4984.424380000203,0.08117386798572143
4984.434380000203,0.09638626946325343
4984.444380000204,0.11642279071043568
4984.454380000204,0.1432354172305515
4984.464380000204,0.17970046241797813
4984.474380000204,0.22992999564533897
4984.4843800002045,0.29923600327226685
4984.494380000205,0.3924248491920277
4984.504380000205,0.5072100313970214
4984.514380000205,0.6204754293513036
4984.524380000205,0.6826109941787405
4984.534380000206,0.6543387955134818
4984.544380000206,0.5545500440200442
4984.554380000206,0.4358385284854386
4984.564380000206,0.3328855141715024
4984.5743800002065,0.25437389985453834
4984.584380000207,0.19710718954670284
4984.594380000207,0.15558856837932203
4984.604380000207,0.1251720278083831
4984.614380000207,0.10251438540652213
4984.624380000208,0.08532470102976938
4984.634380000208,0.07204742997123127
4984.644380000208,0.06161889886877014
4984.654380000208,0.05330172856148003
4984.664380000208,0.046576402521344054
4984.674380000209,0.04107077169530435
4984.684380000209,0.036514058762865675
4984.694380000209,0.03270657945636405
4984.704380000209,0.029499371413069225
4984.7143800002095,0.026778582685214745
4984.72438000021,0.02444862986632976
4984.73438000021,0.02242365336156926
4984.74438000021,0.02064921156363895
4984.75438000021,0.01909935126804188
4984.764380000211,0.01774725905412469
4984.774380000211,0.016564724351273877
4984.784380000211,0.015528102354648783
4984.794380000211,0.014619108663925346
4984.8043800002115,0.013824154295629859
4984.814380000212,0.013133878888159735
4984.824380000212,0.012543127355283028
4984.834380000212,0.012051438426431848
4984.844380000212,0.011664062935960668
4984.854380000213,0.011393321668452522
4984.864380000213,0.011259187420895263
4984.874380000213,0.011284643696176776
4984.884380000213,0.011472837234272833
4984.8943800002135,0.011747637405907395
4984.904380000214,0.011889837083150166
4984.914380000214,0.011634291974632803
4984.924380000214,0.010952626248717763
4984.934380000214,0.01008684412778759
4984.944380000215,0.009271465219112133
4984.954380000215,0.008596886407813573
4984.964380000215,0.008061590692511802
4984.974380000215,0.007637051109913313
4984.984380000215,0.007295451541029062
4984.994380000216,0.007015774000405783
4985.004380000216,0.006783121358352535
4985.014380000216,0.00658714739425371
4985.024380000216,0.006420665782992396
4985.0343800002165,0.006278633896682551
4985.044380000217,0.006157461252344038
4985.054380000217,0.006054576813230588
4985.064380000217,0.005968212146451249
4985.074380000217,0.005897211278682559
4985.084380000218,0.005840840589210209
4985.094380000218,0.005798710547261805
4985.104380000218,0.0057707686446649125
4985.114380000218,0.005757337602183269
4985.1243800002185,0.005759175506247484
4985.134380000219,0.005777545339470117
4985.144380000219,0.005814384576844736
4985.154380000219,0.0058726412690037035
4985.164380000219,0.005956767302826719
4985.17438000022,0.006072432775899373
4985.18438000022,0.006222427384397573
4985.19438000022,0.006401467397100647
4985.20438000022,0.0066113164113861195
4985.21438000022,0.006881151999186498
4985.224380000221,0.007249040146319537
4985.234380000221,0.0077437216708315364
4985.244380000221,0.008362092713011613
4985.254380000221,0.00905385380947832
4985.2643800002215,0.009844322927130554
4985.274380000222,0.01092768852587462
4985.284380000222,0.012552035945843209
4985.294380000222,0.014994756731785101
4985.304380000222,0.01858620528662009
4985.314380000223,0.02346864574850879
4985.324380000223,0.02871750768967505
4985.334380000223,0.03157353807893623
4985.344380000223,0.02993213374793572
4985.3543800002235,0.025580693668216425
4985.364380000224,0.021479585725717905
4985.374380000224,0.018843370221527968
4985.384380000224,0.017722356177428605
4985.394380000224,0.01798725789769648
4985.404380000225,0.019663567337599032
4985.414380000225,0.022863385204976053
4985.424380000225,0.027218981772377054
4985.434380000225,0.030778207192792745
4985.4443800002255,0.03061408885410633
4985.454380000226,0.02666693156607495
4985.464380000226,0.021787897400989978
4985.474380000226,0.01787480531083463
4985.484380000226,0.015191746947068511
4985.494380000227,0.013445832945551966
4985.504380000227,0.012333550040601772
4985.514380000227,0.011638639400388173
4985.524380000227,0.011211862639630872
4985.534380000227,0.0109591472908943
4985.544380000228,0.010839893469614045
4985.554380000228,0.010837464098833535
4985.564380000228,0.010937103075346313
4985.574380000228,0.011126025471945996
4985.5843800002285,0.01139601763918367
4985.594380000229,0.011742728253187796
4985.604380000229,0.012160286905439797
4985.614380000229,0.012637119512288816
4985.624380000229,0.013173163128960743
4985.63438000023,0.013785283119189617
4985.64438000023,0.014486104258749471
4985.65438000023,0.015282672154342118
4985.66438000023,0.016183750775701358
4985.6743800002305,0.017202964920864216
4985.684380000231,0.018358107360657933
4985.694380000231,0.019670317389593135
4985.704380000231,0.021164991657383003
4985.714380000231,0.022873365410135
4985.724380000232,0.024834273716484938
4985.734380000232,0.027096328065615335
4985.744380000232,0.029720825922682634
4985.754380000232,0.03278573794318358
4985.764380000232,0.036391253081869294
4985.774380000233,0.04066758802896866
4985.784380000233,0.045786109133736604
4985.794380000233,0.051975438853282395
4985.804380000233,0.05954526403119897
4985.8143800002335,0.06892196335846398
4985.824380000234,0.08070259355280764
4985.834380000234,0.0957381881895869
4985.844380000234,0.11526338163232513
4985.854380000234,0.14109739907869795
4985.864380000235,0.17594654859406875
4985.874380000235,0.22381513008011206
4985.884380000235,0.29038206657786964
4985.894380000235,0.3826048033498941
4985.9043800002355,0.5050600664373631
4985.914380000236,0.6479717946111693
4985.924380000236,0.7684953175515224
4985.934380000236,0.8003512894641651
4985.944380000236,0.7212942513087504
4985.954380000237,0.5829031462419789
4985.964380000237,0.4462645479939988
4985.974380000237,0.3374861601610384
4985.984380000237,0.2576806307118632
4985.9943800002375,0.20034966334133392
4986.004380000238,0.1589442921988911
4986.014380000238,0.1285670970790593
4986.024380000238,0.10585438116228264
4986.034380000238,0.0885453067015435
4986.044380000239,0.0751162232646367
4986.054380000239,0.06452599575089914
4986.064380000239,0.05604597630274551
4986.074380000239,0.04915610045810041
4986.084380000239,0.04349354620072978
4986.09438000024,0.03879970124450827
4986.10438000024,0.03487105426415163
4986.11438000024,0.031539539283257034
4986.12438000024,0.0286803432902165
4986.1343800002405,0.026218090064016677
4986.144380000241,0.024101914918822076
4986.154380000241,0.022289794378510523
4986.164380000241,0.020745796932122543
4986.174380000241,0.019419124768229375
4986.184380000242,0.01821051272683261
4986.194380000242,0.01703708563188593
4986.204380000242,0.015933288883572292
4986.214380000242,0.014953210388356328
4986.2243800002425,0.014098620615751536
4986.234380000243,0.01335010731111927
4986.244380000243,0.012689458098891718
4986.254380000243,0.012103173708380119
4986.264380000243,0.011581377260248014
4986.274380000244,0.011116691832949083
4986.284380000244,0.010703465617680543
4986.294380000244,0.010337335892970237
4986.304380000244,0.010015009548367003
4986.3143800002445,0.009734138931188133
4986.324380000245,0.009493267660917355
4986.334380000245,0.00929183944377896
4986.344380000245,0.0091302695452064
4986.354380000245,0.009010101107408247
4986.364380000246,0.008934276787982531
4986.374380000246,0.008907530724325976
4986.384380000246,0.008936985659741053
4986.394380000246,0.009033089688986197
4986.404380000246,0.009211082231569837
4986.414380000247,0.009493350454247146
4986.424380000247,0.009913240233230052
4986.434380000247,0.010521271339247882
4986.444380000247,0.011395365801934074
4986.4543800002475,0.01265608818176608
4986.464380000248,0.014489452724818566
4986.474380000248,0.017189433791197573
4986.484380000248,0.021174638315065466
4986.494380000248,0.026764505245831356
4986.504380000249,0.033371468341452624
4986.514380000249,0.03874698840143536
4986.524380000249,0.04109026364858347
4986.534380000249,0.0411053230230248
4986.5443800002495,0.038766784346336056
4986.55438000025,0.033543982726178354
4986.56438000025,0.027229132849048286
4986.57438000025,0.021735083766176094
4986.58438000025,0.017577772087384855
4986.594380000251,0.014589181539517713
4986.604380000251,0.012470216363513982
4986.614380000251,0.010959453911065543
4986.624380000251,0.009866369543312516
4986.634380000251,0.009061737605104586
4986.644380000252,0.008459423129695061
4986.654380000252,0.008001441906181052
4986.664380000252,0.0076488431964461985
4986.674380000252,0.00737613174546093
4986.6843800002525,0.007166162819413241
4986.694380000253,0.007006477052183406
4986.704380000253,0.006887697844235749
4986.714380000253,0.006802800375227589
4986.724380000253,0.006746610508350772
4986.734380000254,0.0067152655823748885
4986.744380000254,0.006705689748239735
4986.754380000254,0.006715476601994747
4986.764380000254,0.006743146634364857
4986.7743800002545,0.0067879014272650045
4986.784380000255,0.006849273845398633
4986.794380000255,0.00692710755103625
4986.804380000255,0.007021404330258771
4986.814380000255,0.007131280268815357
4986.824380000256,0.007254353454106492
4986.834380000256,0.007390847655935067
4986.844380000256,0.007544000071922867
4986.854380000256,0.007715753986369746
4986.8643800002565,0.0079071121610723
4986.874380000257,0.008119326034497623
4986.884380000257,0.008354057527113413
4986.894380000257,0.008613144211339683
4986.904380000257,0.00889703981258357
4986.914380000258,0.00920141769249168
4986.924380000258,0.009525015413556298
4986.934380000258,0.009877195504102675
4986.944380000258,0.010265988333693821
4986.954380000258,0.01069517904983078
4986.964380000259,0.011168156385384757
4986.974380000259,0.011689215843356533
4986.984380000259,0.012263507762501904
4986.994380000259,0.012896712926193982
4987.0043800002595,0.01359486236761464
4987.01438000026,0.014365571447027565
4987.02438000026,0.01522045587449915
4987.03438000026,0.016175317071968103
4987.04438000026,0.01724914719165468
4987.054380000261,0.01846508311288905
4987.064380000261,0.01985106652052076
4987.074380000261,0.021430623773774235
4987.084380000261,0.023194014716018563
4987.0943800002615,0.025113599000313326
4987.104380000262,0.02725019600452362
4987.114380000262,0.029726682628072588
4987.124380000262,0.03263949164952238
4987.134380000262,0.036075846374705074
4987.144380000263,0.040145788754088245
4987.154380000263,0.04499725753506323
4987.164380000263,0.05082890216190591
4987.174380000263,0.05790961506141604
4987.184380000263,0.06660958721323199
4987.194380000264,0.07744528450591275
4987.204380000264,0.09114600817739173
4987.214380000264,0.10875959536796292
4987.224380000264,0.1318203594006186
4987.2343800002645,0.16261092253625678
4987.244380000265,0.20455408482456683
4987.254380000265,0.2627248236415712
4987.264380000265,0.34420874946527646
4987.274380000265,0.4570281443304901
4987.284380000266,0.6036685634764022
4987.294380000266,0.7631036099199683
4987.304380000266,0.8723246593421838
4987.314380000266,0.8618585159115387
4987.3243800002665,0.7393056166381391
4987.334380000267,0.5788396980439987
4987.344380000267,0.4370633722143649
4987.354380000267,0.3296597609451876
4987.364380000267,0.2524239474415354
4987.374380000268,0.19726441930048438
4987.384380000268,0.1574061641173542
4987.394380000268,0.12806967813558678
4987.404380000268,0.10604425646286184
4987.4143800002685,0.08918846291595169
4987.424380000269,0.07606082996586176
4987.434380000269,0.0656759485543978
4987.444380000269,0.057348498577396476
4987.454380000269,0.050593531237404794
4987.46438000027,0.045059949958706956
4987.47438000027,0.04048207807377369
4987.48438000027,0.03665284533449458
4987.49438000027,0.033428310603110335
4987.50438000027,0.03072219939629686
4987.514380000271,0.028474417429550102
4987.524380000271,0.026639168524264206
4987.534380000271,0.025190580685256776
4987.544380000271,0.02412974043652006
4987.5543800002715,0.023493905869656592
4987.564380000272,0.023372651489753923
4987.574380000272,0.023932717937424252
4987.584380000272,0.025434422856690786
4987.594380000272,0.028133731575103158
4987.604380000273,0.03175185577214936
4987.614380000273,0.034571507442111536
4987.624380000273,0.03459021408560202
4987.634380000273,0.032816690191230846
4987.6443800002735,0.031912156038666754
4987.654380000274,0.03272148056044644
4987.664380000274,0.03348843118389459
4987.674380000274,0.03149549841885086
4987.684380000274,0.026858690173259658
4987.694380000275,0.0219870238193524
4987.704380000275,0.018196278132377324
4987.714380000275,0.015511879182403997
4987.724380000275,0.013617315171439211
4987.734380000275,0.012236963751279173
4987.744380000276,0.011191579417146389
4987.754380000276,0.010376938686865211
4987.764380000276,0.009727551847201789
4987.774380000276,0.009198441514848653
4987.7843800002765,0.008758858477623048
4987.794380000277,0.008387759688677743
4987.804380000277,0.008070481840188408
4987.814380000277,0.007796597970781064
4987.824380000277,0.007558552006002671
4987.834380000278,0.007350717402344293
4987.844380000278,0.007168619251820938
4987.854380000278,0.007008725309920032
4987.864380000278,0.006868754481087032
4987.8743800002785,0.006746671566085709
4987.884380000279,0.0066400051447637375
4987.894380000279,0.006547109642460555
4987.904380000279,0.006468626529304868
4987.914380000279,0.0064068960125891776
4987.92438000028,0.006365299396987464
4987.93438000028,0.006348828692767153
4987.94438000028,0.0063618057400525296
4987.95438000028,0.006391985149933089
4987.9643800002805,0.006391529517002407
4987.974380000281,0.006333080221779295
4987.984380000281,0.006260290897786319
4987.994380000281,0.006211023135498977
4988.004380000281,0.006189394365195098
4988.014380000282,0.006189814389400645
4988.024380000282,0.00620787184389365
4988.034380000282,0.00624139862141608
4988.044380000282,0.0062899104121722565
4988.054380000282,0.006354310492362763
4988.064380000283,0.006436875639524918
4988.074380000283,0.006541203247205476
4988.084380000283,0.00667071159185658
4988.094380000283,0.00682367755816179
4988.1043800002835,0.00699059094287822
4988.114380000284,0.007161580256416375
4988.124380000284,0.007344233351983233
4988.134380000284,0.007567652668514618
4988.144380000284,0.007859096880600979
4988.154380000285,0.008231287140690057
4988.164380000285,0.008671741148823275
4988.174380000285,0.009115950765931306
4988.184380000285,0.00944202696016363
4988.1943800002855,0.009557485792405673
4988.204380000286,0.009504047279466268
4988.214380000286,0.009407738769823917
4988.224380000286,0.009361391385441417
4988.234380000286,0.009396053573663672
4988.244380000287,0.009509756603852124
4988.254380000287,0.00969183209535962
4988.264380000287,0.009932583545994302
4988.274380000287,0.010225502356025217
4988.2843800002875,0.010567101671753648
4988.294380000288,0.010956297884280397
4988.304380000288,0.011393876841975977
4988.314380000288,0.0118821333037715
4988.324380000288,0.012424660769259828
4988.334380000289,0.013026273477069115
4988.344380000289,0.013693070701910448
4988.354380000289,0.01443258723744033
4988.364380000289,0.015253937226276599
4988.374380000289,0.01616801848447171
4988.38438000029,0.01718784558308253
4988.39438000029,0.018329003751013824
4988.40438000029,0.019610250223317208
4988.41438000029,0.02105429650835205
4988.4243800002905,0.022688809486429252
4988.434380000291,0.02454769436795658
4988.444380000291,0.026672545886927468
4988.454380000291,0.029113959264802397
4988.464380000291,0.03193453354609509
4988.474380000292,0.035216653837688454
4988.484380000292,0.039067692272402844
4988.494380000292,0.04362470809030648
4988.504380000292,0.04906664455877407
4988.5143800002925,0.05563133172644242
4988.524380000293,0.0636380984532263
4988.534380000293,0.07352598688414268
4988.544380000293,0.0859159352798629
4988.554380000293,0.10169369189142058
4988.564380000294,0.12214266911479017
4988.574380000294,0.1491622670093313
4988.584380000294,0.1856081534980466
4988.594380000294,0.23579593846657415
4988.604380000294,0.3061194694264293
4988.614380000295,0.4052657227964869
4988.624380000295,0.5418185913597564
4988.634380000295,0.7131743599586197
4988.644380000295,0.8805768301229928
4988.6543800002955,0.9601607225208426
4988.664380000296,0.8952864905017174
4988.674380000296,0.7326430214688897
4988.684380000296,0.5587307176677767
4988.694380000296,0.4180382945941777
4988.704380000297,0.31557560627859826
4988.714380000297,0.24307860873221607
4988.724380000297,0.19164889403494886
4988.734380000297,0.15468409652076504
4988.7443800002975,0.12777416804392389
4988.754380000298,0.10809741920568709
4988.764380000298,0.0939114994201427
4988.774380000298,0.08411219848643885
4988.784380000298,0.07751834851492091
4988.794380000299,0.07183485479232432
4988.804380000299,0.06451744304315209
4988.814380000299,0.055853445894208674
4988.824380000299,0.04786644172392527
4988.8343800002995,0.041441458181215876
4988.8443800003,0.036426409940197246
4988.8543800003,0.03245544545308046
4988.8643800003,0.029233392868068087
4988.8743800003,0.026558943777401377
4988.884380000301,0.024300798643648806
4988.894380000301,0.022369002424088697
4988.904380000301,0.020697886666841383
4988.914380000301,0.019238928780086262
4988.924380000301,0.017955747498184706
4988.934380000302,0.01682011939337648
4988.944380000302,0.01580963622633868
4988.954380000302,0.014906276551516084
4988.964380000302,0.014095369084061183
4988.9743800003025,0.013364820253366666
4988.984380000303,0.012704530320732928
4988.994380000303,0.012105970651353059
4989.004380000303,0.011561947747574844
4989.014380000303,0.011066460680432513
4989.024380000304,0.010614473253436832
4989.034380000304,0.010201674815372628
4989.044380000304,0.009824327335910881
4989.054380000304,0.00947905770019737
4989.0643800003045,0.009162420614230237
4989.074380000305,0.008870580065685784
4989.084380000305,0.00860027063665024
4989.094380000305,0.008350118074380363
4989.104380000305,0.00811967609966464
4989.114380000306,0.007908019711888602
4989.124380000306,0.007713785173008314
4989.134380000306,0.007535620415259005
4989.144380000306,0.007372350876149137
4989.154380000306,0.007222953835754688
4989.164380000307,0.007086520829216582
4989.174380000307,0.006962249148479855
4989.184380000307,0.0068494421655695735
4989.194380000307,0.006747503586251835
4989.2043800003075,0.006655927131912168
4989.214380000308,0.006574292234786379
4989.224380000308,0.006502262230826445
4989.234380000308,0.00643957423125999
4989.244380000308,0.006386031588621014
4989.254380000309,0.006341587259175327
4989.264380000309,0.006306524983185395
4989.274380000309,0.006281421646378255
4989.284380000309,0.006266464843440258
4989.2943800003095,0.006259760376554347
4989.30438000031,0.006257933695638319
4989.31438000031,0.006259519270815088
4989.32438000031,0.006264525012873541
4989.33438000031,0.006275315199652924
4989.344380000311,0.006295483348152075
4989.354380000311,0.006327417070800749
4989.364380000311,0.00637259882488084
4989.374380000311,0.006432684790129369
4989.3843800003115,0.006509638945369499
4989.394380000312,0.006603559524509007
4989.404380000312,0.006706252788810706
4989.414380000312,0.0067987017976571685
4989.424380000312,0.006871615170591297
4989.434380000313,0.006940561809642867
4989.444380000313,0.007023661860978795
4989.454380000313,0.007127208557374204
4989.464380000313,0.007251059378512421
4989.474380000313,0.007394113102073264
4989.484380000314,0.007555942763993776
4989.494380000314,0.007736939856441735
4989.504380000314,0.007938200519055989
4989.514380000314,0.008161458458724282
4989.5243800003145,0.008409103375778614
4989.534380000315,0.008684285920106926
4989.544380000315,0.008991130816581457
4989.554380000315,0.009335098339688621
4989.564380000315,0.009723575939603043
4989.574380000316,0.010166857194292028
4989.584380000316,0.01067976766839875
4989.594380000316,0.011284202335587627
4989.604380000316,0.012012191246266068
4989.6143800003165,0.012907888931945265
4989.624380000317,0.014028122967562
4989.634380000317,0.015465696726507142
4989.644380000317,0.017415450595478842
4989.654380000317,0.0201199850365399
4989.664380000318,0.02349245569054901
4989.674380000318,0.026347108568911745
4989.684380000318,0.026896293232338282
4989.694380000318,0.025473733855844376
4989.704380000318,0.02396617675825241
4989.714380000319,0.023277602583792717
4989.724380000319,0.023406192866650986
4989.734380000319,0.024169260428809822
4989.744380000319,0.025437670747295575
4989.7543800003195,0.027146963183422766
4989.76438000032,0.02926718830962887
4989.77438000032,0.031776014597545324
4989.78438000032,0.034664022854551675
4989.79438000032,0.037988373295992424
4989.804380000321,0.04190419900249888
4989.814380000321,0.04662689300527481
4989.824380000321,0.05240363113161656
4989.834380000321,0.05953813537233661
4989.8443800003215,0.06844379952545873
4989.854380000322,0.07971260360139658
4989.864380000322,0.09420408436636968
4989.874380000322,0.11312550446760558
4989.884380000322,0.1379269422878217
4989.894380000323,0.16978587184098748
4989.904380000323,0.20999651691839832
4989.914380000323,0.263258426556446
4989.924380000323,0.3388670445331587
4989.9343800003235,0.44777709353777234
4989.944380000324,0.5979567160073501
4989.954380000324,0.7790307250564705
4989.964380000324,0.9337877960447065
4989.974380000324,0.969225582059514
4989.984380000325,0.857946831410562
4989.994380000325,0.6772439291867707
4990.004380000325,0.5079446217967253
4990.014380000325,0.3784329829875186
4990.024380000325,0.2860453989132968
4990.034380000326,0.22092950269191838
4990.044380000326,0.174509018733507
4990.054380000326,0.14075938600210175
4990.064380000326,0.11568674789986863
4990.0743800003265,0.09665603477209037
4990.084380000327,0.08190722059167452
4990.094380000327,0.07026497059344515
4990.104380000327,0.060937839128022836
4990.114380000327,0.053368685897298145
4990.124380000328,0.047153082718215826
4990.134380000328,0.04199286381230475
4990.144380000328,0.03766542439263673
4990.154380000328,0.03400305699285443
4990.1643800003285,0.030877991232049637
4990.174380000329,0.028191721518059987
4990.184380000329,0.025867431983998563
4990.194380000329,0.02384446172857209
4990.204380000329,0.02207414985131551
4990.21438000033,0.020516807440415633
4990.22438000033,0.01913980494987943
4990.23438000033,0.017916481073114776
4990.24438000033,0.016824272072522503
4990.2543800003305,0.015842036163025305
4990.264380000331,0.014953007577099595
4990.274380000331,0.014148063434469579
4990.284380000331,0.013420667928417578
4990.294380000331,0.012763314242397225
4990.304380000332,0.012168196897114876
4990.314380000332,0.011628229233634041
4990.324380000332,0.01113733356620499
4990.334380000332,0.010690389844959293
4990.344380000332,0.010283128892547953
4990.354380000333,0.009912059262227225
4990.364380000333,0.00957446556834618
4990.374380000333,0.009268524566921798
4990.384380000333,0.008993539891043425
4990.3943800003335,0.008749898006742148
4990.404380000334,0.008536143763536567
4990.414380000334,0.0083385449043633
4990.424380000334,0.008133628196423834
4990.434380000334,0.00792565295941279
4990.444380000335,0.007735954819262101
4990.454380000335,0.0075707116121547366
4990.464380000335,0.0074275108474553654
4990.474380000335,0.007303508187757512
4990.4843800003355,0.007196584658989193
4990.494380000336,0.0071056907018272495
4990.504380000336,0.0070308972987069215
4990.514380000336,0.006972677557314561
4990.524380000336,0.0069319602161925
4990.534380000337,0.006910418525101474
4990.544380000337,0.006910659135680198
4990.554380000337,0.006936622838157376
4990.564380000337,0.006994338824972952
4990.574380000337,0.007093131705750555
4990.584380000338,0.007247616038403401
4990.594380000338,0.0074812306973664104
4990.604380000338,0.00783266121042351
4990.614380000338,0.008367227604098814
4990.6243800003385,0.009194780604862118
4990.634380000339,0.010483364479624915
4990.644380000339,0.01238790591597631
4990.654380000339,0.014635387476023052
4990.664380000339,0.015896442690250215
4990.67438000034,0.014972593674315464
4990.68438000034,0.012836604374634254
4990.69438000034,0.010935122437065388
4990.70438000034,0.009654832189859516
4990.7143800003405,0.008861990100935094
4990.724380000341,0.008382541856578074
4990.734380000341,0.008099560259325105
4990.744380000341,0.007944315569060648
4990.754380000341,0.007876940849782606
4990.764380000342,0.007873298716173382
4990.774380000342,0.00791859767015269
4990.784380000342,0.008003931094724819
4990.794380000342,0.008124076807191793
4990.8043800003425,0.008276211826277802
4990.814380000343,0.008459234707315947
4990.824380000343,0.008673416933522604
4990.834380000343,0.008920260320546899
4990.844380000343,0.009202522378004892
4990.854380000344,0.009524410847610514
4990.864380000344,0.009891980022660816
4990.874380000344,0.010313783444816102
4990.884380000344,0.01080181651937393
4990.894380000344,0.011372717799047253
4990.904380000345,0.01204971604014017
4990.914380000345,0.012868683623846555
4990.924380000345,0.013893123229115154
4990.934380000345,0.015233824538275867
4990.9443800003455,0.01706354665535072
4990.954380000346,0.019584783224944006
4990.964380000346,0.022743191886080594
4990.974380000346,0.025505827496853574
4990.984380000346,0.02620813320623519
4990.994380000347,0.025087289388547523
4991.004380000347,0.023883163185009552
4991.014380000347,0.023444605552856823
4991.024380000347,0.02377187479329948
4991.0343800003475,0.02469718596231926
4991.044380000348,0.0261055905224194
4991.054380000348,0.027949149097099946
4991.064380000348,0.030229049386100323
4991.074380000348,0.032983453413121776
4991.084380000349,0.036283178972400104
4991.094380000349,0.04023336405998023
4991.104380000349,0.04498031080491161
4991.114380000349,0.05072395754170683
4991.124380000349,0.05773772979029507
4991.13438000035,0.06639918425466568
4991.14438000035,0.07723734878912891
4991.15438000035,0.09100656486839916
4991.16438000035,0.108802340177175
4991.1743800003505,0.13224297747629324
4991.184380000351,0.16376613292058295
4991.194380000351,0.20712721542670726
4991.204380000351,0.2680935224682802
4991.214380000351,0.35510057319394694
4991.224380000352,0.4785975665177759
4991.234380000352,0.6441577207987739
4991.244380000352,0.8298389327697804
4991.254380000352,0.9583260153133374
4991.2643800003525,0.9408029708145088
4991.274380000353,0.7910781793673718
4991.284380000353,0.6052676692589739
4991.294380000353,0.4484109194085728
4991.304380000353,0.3336561825188907
4991.314380000354,0.25312951622833607
4991.324380000354,0.19655215811672616
4991.334380000354,0.15610107924356814
4991.344380000354,0.12653878123302997
4991.3543800003545,0.1044537973343109
4991.364380000355,0.08760951394892186
4991.374380000355,0.07451641861095219
4991.384380000355,0.06416391499032517
4991.394380000355,0.05585273449344685
4991.404380000356,0.04908943701152148
4991.414380000356,0.04351901065315603
4991.424380000356,0.03888107312219107
4991.434380000356,0.03498195930172841
4991.444380000356,0.03167646276804357
4991.454380000357,0.028853640097859883
4991.464380000357,0.026427388642488135
4991.474380000357,0.02433045227916595
4991.484380000357,0.022510048029097927
4991.4943800003575,0.020924678566814944
4991.504380000358,0.019541881089510136
4991.514380000358,0.018336746850856036
4991.524380000358,0.017291194087332106
4991.534380000358,0.016394060979913007
4991.544380000359,0.015642107480955597
4991.554380000359,0.01504252247162542
4991.564380000359,0.01461826732371872
4991.574380000359,0.014418062614587078
4991.5843800003595,0.014531663109189604
4991.59438000036,0.015095877300642564
4991.60438000036,0.016198718358095294
4991.61438000036,0.017449085526064556
4991.62438000036,0.017615075087276853
4991.634380000361,0.016091753473953984
4991.644380000361,0.013978569933103199
4991.654380000361,0.012236557110906411
4991.664380000361,0.010997742966939214
4991.674380000361,0.01012171560020957
4991.684380000362,0.009478539248358902
4991.694380000362,0.008985168840280463
4991.704380000362,0.008591932525925444
4991.714380000362,0.008268990507861488
4991.7243800003625,0.007997863863664785
4991.734380000363,0.007766595922516219
4991.744380000363,0.007566918091452268
4991.754380000363,0.007392318956072688
4991.764380000363,0.007238076804731686
4991.774380000364,0.007102574174087074
4991.784380000364,0.006984920406742664
4991.794380000364,0.006883695960278963
4991.804380000364,0.006797641655541532
4991.8143800003645,0.006725911810715655
4991.824380000365,0.006668051566375832
4991.834380000365,0.006623987877569582
4991.844380000365,0.006594069926485722
4991.854380000365,0.006579086058258577
4991.864380000366,0.006580051363461238
4991.874380000366,0.0065973509452296845
4991.884380000366,0.006629447269100172
4991.894380000366,0.006674340099424705
4991.9043800003665,0.0067338466266076815
4991.914380000367,0.006808723910086927
4991.924380000367,0.006896999224798675
4991.934380000367,0.007012185273700653
4991.944380000367,0.007175408142590579
4991.954380000368,0.007405080432726463
4991.964380000368,0.007726473354143195
4991.974380000368,0.008182738162330163
4991.984380000368,0.008847663493856489
4991.994380000368,0.009841162988966506
4992.004380000369,0.01132056790867419
4992.014380000369,0.013317564665994755
4992.024380000369,0.015207408483270164
4992.034380000369,0.015595329223154784
4992.0443800003695,0.014212946723184317
4992.05438000037,0.012417191462343144
4992.06438000037,0.011097869893962433
4992.07438000037,0.010319522225715071
4992.08438000037,0.009925590204214992
4992.094380000371,0.009783028976142243
4992.104380000371,0.009803345170909762
4992.114380000371,0.009920436420144571
4992.124380000371,0.010080029335329121
4992.1343800003715,0.010253044341022852
4992.144380000372,0.010445446331766362
4992.154380000372,0.01067933345273719
4992.164380000372,0.010970595393177967
4992.174380000372,0.011325130476225123
4992.184380000373,0.011744201785383466
4992.194380000373,0.012228724310162633
4992.204380000373,0.01278105496001951
4992.214380000373,0.013405481457145011
4992.2243800003735,0.014108307561382849
4992.234380000374,0.014897922643442326
4992.244380000374,0.01578497004233522
4992.254380000374,0.016782645931646172
4992.264380000374,0.017907131677859598
4992.274380000375,0.019178164583623133
4992.284380000375,0.02061978103824031
4992.294380000375,0.02226137142943699
4992.304380000375,0.024139574529172633
4992.314380000375,0.026300607560285565
4992.324380000376,0.02880232535645838
4992.334380000376,0.03171778652077008
4992.344380000376,0.03514064070804991
4992.354380000376,0.03919245543106221
4992.3643800003765,0.04403308920464845
4992.374380000377,0.04987574656766229
4992.384380000377,0.05700915104261972
4992.394380000377,0.06583078287733901
4992.404380000377,0.07689795350328421
4992.414380000378,0.09100888327568583
4992.424380000378,0.10933260282577406
4992.434380000378,0.13361617500571377
4992.444380000378,0.16651860801811896
4992.4543800003785,0.212136231975423
4992.464380000379,0.27673461999153154
4992.474380000379,0.3693434759152086
4992.484380000379,0.5003203272131714
4992.494380000379,0.6715410627700322
4992.50438000038,0.8491811746050826
4992.51438000038,0.9443008914825765
4992.52438000038,0.8861204108237694
4992.53438000038,0.7209196028445702
4992.54438000038,0.5443156794837456
4992.554380000381,0.4031136529544797
4992.564380000381,0.30089016831136717
4992.574380000381,0.22897101563496333
4992.584380000381,0.1783429883240038
4992.5943800003815,0.1421091142384784
4992.604380000382,0.11558828314384981
4992.614380000382,0.09572824486503
4992.624380000382,0.08053225082947674
4992.634380000382,0.06867376204508562
4992.644380000383,0.059262960712716035
4992.654380000383,0.05168509203008517
4992.664380000383,0.045501630349197
4992.674380000383,0.040395051563505306
4992.6843800003835,0.03613224567608329
4992.694380000384,0.03253940349174998
4992.704380000384,0.0294849680411227
4992.714380000384,0.026867909699706878
4992.724380000384,0.024609501758614538
4992.734380000385,0.022647924420236526
4992.744380000385,0.020934418676073457
4992.754380000385,0.019429825821430973
4992.764380000385,0.018102330275585485
4992.7743800003855,0.016925961475552913
4992.784380000386,0.015879393480618467
4992.794380000386,0.01494500395982772
4992.804380000386,0.014108146721694552
4992.814380000386,0.013356536174746941
4992.824380000387,0.012679624795314171
4992.834380000387,0.012068396857376141
4992.844380000387,0.011515673869273312
4992.854380000387,0.01101549234402027
4992.864380000387,0.010562602840615219
4992.874380000388,0.010152522224647029
4992.884380000388,0.009781492653444433
4992.894380000388,0.009446308834956056
4992.904380000388,0.009144351199553202
4992.9143800003885,0.008873947992837063
4992.924380000389,0.008634183861104344
4992.934380000389,0.00842479056846075
4992.944380000389,0.008246486616814182
4992.954380000389,0.008101436866943935
4992.96438000039,0.007993922189582836
4992.97438000039,0.007931492440587832
4992.98438000039,0.007927050704784493
4992.99438000039,0.008002661279621208
4993.0043800003905,0.00819647849712112
4993.014380000391,0.008574597070226083
4993.024380000391,0.00924550278703942
4993.034380000391,0.010342506538100517
4993.044380000391,0.011818984649499546
4993.054380000392,0.012930439739146558
4993.064380000392,0.01257042261247706
4993.074380000392,0.011052965779853173
4993.084380000392,0.009535959701865692
4993.094380000392,0.008463196352269142
4993.104380000393,0.007770721149801767
4993.114380000393,0.007325087273589475
4993.124380000393,0.007033219146927836
4993.134380000393,0.006839887184668381
4993.1443800003935,0.006713801304055345
4993.154380000394,0.006637763865744271
4993.164380000394,0.006602493115782476
4993.174380000394,0.006602912810727945
4993.184380000394,0.006633259225273968
4993.194380000395,0.0066785366772918065
4993.204380000395,0.006713904930254955
4993.214380000395,0.006729726205795347
4993.224380000395,0.006744086887502973
4993.2343800003955,0.006776193708783501
4993.244380000396,0.006832073886661058
4993.254380000396,0.0069108722792335245
4993.264380000396,0.007010773784006021
4993.274380000396,0.007130838709751972
4993.284380000397,0.007271200242501088
4993.294380000397,0.007431941517622165
4993.304380000397,0.007610120000558661
4993.314380000397,0.007803220986805825
4993.3243800003975,0.008017164632138009
4993.334380000398,0.008258957117555074
4993.344380000398,0.00853284729940522
4993.354380000398,0.008843630035435203
4993.364380000398,0.009198356778907275
4993.374380000399,0.00960774263172935
4993.384380000399,0.010088567339119876
4993.394380000399,0.01066805016260927
4993.404380000399,0.011391555660066449
4993.414380000399,0.012334005788823032
4993.4243800004,0.013601592566643839
4993.4343800004,0.015229650663417233
4993.4443800004,0.016808582657517473
4993.4543800004,0.017478644317018545
4993.4643800004005,0.017272862649346108
4993.474380000401,0.017073703925259077
4993.484380000401,0.017290578637800907
4993.494380000401,0.01790483572473771
4993.504380000401,0.018835461961902975
4993.514380000402,0.02003549067148238
4993.524380000402,0.02148953965008855
4993.534380000402,0.023204841360055267
4993.544380000402,0.025212079346215794
4993.5543800004025,0.027566070994224114
4993.564380000403,0.030341438466377137
4993.574380000403,0.03363240836528853
4993.584380000403,0.03756138730878842
4993.594380000403,0.04229153241820014
4993.604380000404,0.048042312100403495
4993.614380000404,0.0551096515023734
4993.624380000404,0.06389095200016454
4993.634380000404,0.07491803915068475
4993.644380000404,0.08892578733572368
4993.654380000405,0.10702860290694406
4993.664380000405,0.13103334530160618
4993.674380000405,0.16381015317923112
4993.684380000405,0.20977707555617817
4993.6943800004055,0.2756348797556691
4993.704380000406,0.37089367536036677
4993.714380000406,0.5056257349354452
4993.724380000406,0.6775532887831132
4993.734380000406,0.8409656735396469
4993.744380000407,0.8998251198883827
4993.754380000407,0.8067730643702535
4993.764380000407,0.6335282483296917
4993.774380000407,0.46861616107649173
4993.7843800004075,0.3439991993392208
4993.794380000408,0.25672128591564414
4993.804380000408,0.19625675323632172
4993.814380000408,0.15376563434517995
4993.824380000408,0.12322600825115403
4993.834380000409,0.10074581035988224
4993.844380000409,0.08381870372908243
4993.854380000409,0.07080779026416724
4993.864380000409,0.060622147259126166
4993.8743800004095,0.05251891527106728
4993.88438000041,0.04598174922900034
4993.89438000041,0.0406448639847479
4993.90438000041,0.03624352204871955
4993.91438000041,0.03257787852436116
4993.924380000411,0.0294848430583796
4993.934380000411,0.02683170633872514
4993.944380000411,0.024534917881489905
4993.954380000411,0.022551303424421375
4993.964380000411,0.02084432527754433
4993.974380000412,0.019380912845892346
4993.984380000412,0.018138892558820178
4993.994380000412,0.017106324988003883
4994.004380000412,0.016286851771139147
4994.0143800004125,0.015709434487648895
4994.024380000413,0.01544060832369667
4994.034380000413,0.015579681260259822
4994.044380000413,0.016124540423248065
4994.054380000413,0.01654832252938002
4994.064380000414,0.015896213225662672
4994.074380000414,0.014280535914967387
4994.084380000414,0.012657568817431875
4994.094380000414,0.01142783666143085
4994.1043800004145,0.010538087895464286
4994.114380000415,0.00986704809445011
4994.124380000415,0.009330725228889034
4994.134380000415,0.0088857673771937
4994.144380000415,0.00851047987567145
4994.154380000416,0.00819035576736236
4994.164380000416,0.007914444872603218
4994.174380000416,0.007674886205451337
4994.184380000416,0.007466306438216744
4994.1943800004165,0.007285195594966823
4994.204380000417,0.0071295055464263525
4994.214380000417,0.006998500441027456
4994.224380000417,0.006892841511498405
4994.234380000417,0.006814972322247418
4994.244380000418,0.0067699892727369915
4994.254380000418,0.006767369953751721
4994.264380000418,0.00682430243822235
4994.274380000418,0.00697182609539207
4994.284380000418,0.007264195450123385
4994.294380000419,0.00777971560263541
4994.304380000419,0.00853930997285572
4994.314380000419,0.009211867897011542
4994.324380000419,0.009130747270960545
4994.3343800004195,0.008352544955954066
4994.34438000042,0.007547771420525515
4994.35438000042,0.0069936791686393196
4994.36438000042,0.0066529211803423305
4994.37438000042,0.006448082863724251
4994.384380000421,0.006327103489226005
4994.394380000421,0.006260068363454077
4994.404380000421,0.006230465580631832
4994.414380000421,0.006228927311169714
4994.4243800004215,0.0062494181399260626
4994.434380000422,0.006287455126697588
4994.444380000422,0.006340359796310025
4994.454380000422,0.006407855334701395
4994.464380000422,0.0064905492579656185
4994.474380000423,0.00658833552854763
4994.484380000423,0.006699906889771194
4994.494380000423,0.006824716326563484
4994.504380000423,0.006964711481451761
4994.514380000423,0.007121735773306713
4994.524380000424,0.007296822272660131
4994.534380000424,0.007491001690311578
4994.544380000424,0.007705650138112738
4994.554380000424,0.00794257592660111
4994.5643800004245,0.00820395137941237
4994.574380000425,0.008492088136042731
4994.584380000425,0.008808401826847397
4994.594380000425,0.00915369042667712
4994.604380000425,0.00953223686152301
4994.614380000426,0.009950314668761654
4994.624380000426,0.010413130198418637
4994.634380000426,0.01092591012259334
4994.644380000426,0.011494844640466491
4994.6543800004265,0.01212735555946156
4994.664380000427,0.012832304783702666
4994.674380000427,0.013620272743220606
4994.684380000427,0.014503917655155652
4994.694380000427,0.015498460398210834
4994.704380000428,0.01662232043608682
4994.714380000428,0.017897944448045353
4994.724380000428,0.019352894944579167
4994.734380000428,0.021021293663480194
4994.7443800004285,0.022945759830447943
4994.754380000429,0.025180054322651916
4994.764380000429,0.027792744635096792
4994.774380000429,0.030872307679188003
4994.784380000429,0.03453432433984271
4994.79438000043,0.03893186771236338
4994.80438000043,0.04427080485089976
4994.81438000043,0.050832782928221396
4994.82438000043,0.059010283020768384
4994.83438000043,0.06936110636560279
4994.844380000431,0.08269504325026587
4994.854380000431,0.10021434489781189
4994.864380000431,0.12374422116125323
4994.874380000431,0.1561097099306282
4994.8843800004315,0.2017247747299846
4994.894380000432,0.26736325140859607
4994.904380000432,0.3624632911568509
4994.914380000432,0.4958293414205286
4994.924380000432,0.6599079290782264
4994.934380000433,0.7994832652032269
4994.944380000433,0.8224954594752986
4994.954380000433,0.7098497620398426
4994.964380000433,0.5446879633661849
4994.9743800004335,0.3997072264655902
4994.984380000434,0.2937570645337706
4994.994380000434,0.22053610811522448
4995.004380000434,0.17018686078587433
4995.014380000434,0.13516448498535721
4995.024380000435,0.11030179819551074
4995.034380000435,0.09173243560635268
4995.044380000435,0.07686310658109617
4995.054380000435,0.06485930156846278
4995.064380000435,0.05540543644349157
4995.074380000436,0.04798882065479403
4995.084380000436,0.042128456403571414
4995.094380000436,0.03747557211468552
4995.104380000436,0.03379193792046433
4995.1143800004365,0.030919550640183976
4995.124380000437,0.028746453458195195
4995.134380000437,0.027152867382306104
4995.144380000437,0.025927082511950434
4995.154380000437,0.024642051261542466
4995.164380000438,0.022780794959480405
4995.174380000438,0.020480668761318536
4995.184380000438,0.018336758997399706
4995.194380000438,0.016579288407120536
4995.2043800004385,0.015162449384195547
4995.214380000439,0.014000509262114125
4995.224380000439,0.013026707076547621
4995.234380000439,0.01219506491875175
4995.244380000439,0.011474090137796517
4995.25438000044,0.010841737261374558
4995.26438000044,0.010282120653797739
4995.27438000044,0.0097834219256465
4995.28438000044,0.009336587196519624
4995.2943800004405,0.008934505054565126
4995.304380000441,0.008571469027956457
4995.314380000441,0.008242810034842528
4995.324380000441,0.007944636651880643
4995.334380000441,0.007673688264419027
4995.344380000442,0.007427294673422768
4995.354380000442,0.0072032972867280215
4995.364380000442,0.006999863751746005
4995.374380000442,0.006815184646157809
4995.384380000442,0.006647089566477587
4995.394380000443,0.006493492741032133
4995.404380000443,0.006353668653798742
4995.414380000443,0.006227202824917047
4995.424380000443,0.0061120043108821315
4995.4343800004435,0.006006746293348003
4995.444380000444,0.0059124354711368446
4995.454380000444,0.005829425713014757
4995.464380000444,0.005757110990946882
4995.474380000444,0.005694798262580892
4995.484380000445,0.005641945532214951
4995.494380000445,0.005598165882078574
4995.504380000445,0.005563167441431096
4995.514380000445,0.005536736988617514
4995.5243800004455,0.005518751223061458
4995.534380000446,0.0055091413761343645
4995.544380000446,0.005507880976881961
4995.554380000446,0.005514992989720282
4995.564380000446,0.005530554196976775
4995.574380000447,0.00555469741271957
4995.584380000447,0.005587613487330729
4995.594380000447,0.005629552949453016
4995.604380000447,0.005680831701711018
4995.614380000447,0.005741848622663344
4995.624380000448,0.005813099296072189
4995.634380000448,0.00589518456692368
4995.644380000448,0.0059888368963197346
4995.654380000448,0.006094966024077027
4995.664380000449,0.006214721216515827
4995.674380000449,0.006349566167246516
4995.684380000449,0.0065013149279637234
4995.694380000449,0.006671864990567316
4995.704380000449,0.006861920266482601
4995.71438000045,0.007068567434657069
4995.72438000045,0.007286464798699352
4995.73438000045,0.007516747291089435
4995.74438000045,0.007769172722998339
4995.7543800004505,0.008053095545941101
4995.764380000451,0.008373830442358598
4995.774380000451,0.008735990219495265
4995.784380000451,0.009145619640637407
4995.794380000451,0.009605488333255124
4995.804380000452,0.010107312719678964
4995.814380000452,0.010633509110073665
4995.824380000452,0.011183206554661571
4995.834380000452,0.011784307861435639
4995.8443800004525,0.012467533073105646
4995.854380000453,0.013252161382700073
4995.864380000453,0.01415254379894691
4995.874380000453,0.015185287771958066
4995.884380000453,0.016372693277412923
4995.894380000454,0.01774466720253192
4995.904380000454,0.019341146240526616
4995.914380000454,0.021216468172460236
4995.924380000454,0.02344697900300646
4995.934380000454,0.026143541756486897
4995.944380000455,0.029466775879742654
4995.954380000455,0.03361177224392519
4995.964380000455,0.03865249487311914
4995.974380000455,0.04433617692355526
4995.9843800004555,0.05039624690958605
4995.994380000456,0.057161413952199744
4996.004380000456,0.06578106289206677
4996.014380000456,0.07751640814259485
4996.024380000456,0.0935813228351277
4996.034380000457,0.11569834446787759
4996.044380000457,0.14663757655897997
4996.054380000457,0.19084158652347524
4996.064380000457,0.25518743589416726
4996.0743800004575,0.34904868386139787
4996.084380000458,0.4796908249011294
4996.094380000458,0.6331154085729304
4996.104380000458,0.7441894019472516
4996.114380000458,0.7303078337519872
4996.124380000459,0.6033655938809498
4996.134380000459,0.451091616479758
4996.144380000459,0.32760865711642606
4996.154380000459,0.24023689365093823
4996.1643800004595,0.18040712148216068
4996.17438000046,0.1391046572027661
4996.18438000046,0.10995468772778846
4996.19438000046,0.08885126755426208
4996.20438000046,0.07319056186104406
4996.214380000461,0.06130300883657741
4996.224380000461,0.052095357374888546
4996.234380000461,0.044834500453947226
4996.244380000461,0.039017313396500906
4996.254380000461,0.0342909004607857
4996.264380000462,0.030402698870518583
4996.274380000462,0.02716858795893936
4996.284380000462,0.024451995689213638
4996.294380000462,0.02214971852908767
4996.3043800004625,0.02018213757922466
4996.314380000463,0.018487386217566796
4996.324380000463,0.017018195955408526
4996.334380000463,0.015738045012095157
4996.344380000463,0.01461728231900183
4996.354380000464,0.013630471108065385
4996.364380000464,0.012755836965445928
4996.374380000464,0.011978080754736697
4996.384380000464,0.011285779781542124
4996.3943800004645,0.010668245333267516
4996.404380000465,0.010115995737809323
4996.414380000465,0.009621091172292116
4996.424380000465,0.009176946504650318
4996.434380000465,0.008778096272262266
4996.444380000466,0.008420041522619236
4996.454380000466,0.008099130514129057
4996.464380000466,0.007812454164374615
4996.474380000466,0.007557807349349003
4996.484380000466,0.0073337053596674185
4996.494380000467,0.007139451979003064
4996.504380000467,0.006975279302167232
4996.514380000467,0.006842593216787851
4996.524380000467,0.006744377938609355
4996.5343800004675,0.006685831377411931
4996.544380000468,0.00667530575408115
4996.554380000468,0.0067255760097038216
4996.564380000468,0.006855111168411103
4996.574380000468,0.007087552976734027
4996.584380000469,0.0074431455802543315
4996.594380000469,0.00790802380801604
4996.604380000469,0.008373358222799391
4996.614380000469,0.008612445509205112
4996.6243800004695,0.008442422737024977
4996.63438000047,0.007939007335596174
4996.64438000047,0.007341173568768417
4996.65438000047,0.006818264207987091
4996.66438000047,0.006420441833196973
4996.674380000471,0.0061388408024736565
4996.684380000471,0.005951969123907096
4996.694380000471,0.00584335996930946
4996.704380000471,0.005806679534153355
4996.7143800004715,0.005848504266288825
4996.724380000472,0.0059907366561418
4996.734380000472,0.0062564686119741045
4996.744380000472,0.006577948482117588
4996.754380000472,0.006692390690850049
4996.764380000473,0.006486443888578843
4996.774380000473,0.0062165310653550096
4996.784380000473,0.0060533136767866045
4996.794380000473,0.0059987291680371055
4996.804380000473,0.0060218102925614055
4996.814380000474,0.0061013810114164705
4996.824380000474,0.006224321335860819
4996.834380000474,0.006381010299875175
4996.844380000474,0.006571812757422107
4996.8543800004745,0.006814660268010653
4996.864380000475,0.0071384823925760635
4996.874380000475,0.007577691486995845
4996.884380000475,0.008168740544143037
4996.894380000475,0.008908838015534333
4996.904380000476,0.009585618013284954
4996.914380000476,0.009781434775637345
4996.924380000476,0.009565946545405218
4996.934380000476,0.00939057474914632
4996.9443800004765,0.00942462665853976
4996.954380000477,0.009638736790776072
4996.964380000477,0.009985438706961721
4996.974380000477,0.01043791704873483
4996.984380000477,0.010986256359922612
4996.994380000478,0.011630115188922818
4997.004380000478,0.01237544396580228
4997.014380000478,0.013233338134300157
4997.024380000478,0.014219728987871967
4997.034380000478,0.015355720957312755
4997.044380000479,0.01666850322905617
4997.054380000479,0.0181928429281372
4997.064380000479,0.019973278919351762
4997.074380000479,0.022067258131708598
4997.0843800004795,0.024549613499870258
4997.09438000048,0.027519016785155507
4997.10438000048,0.031107417222948422
4997.11438000048,0.03549408862582193
4997.12438000048,0.04092694518883428
4997.134380000481,0.04775557747114333
4997.144380000481,0.056483602286184494
4997.154380000481,0.06785347693348087
4997.164380000481,0.08298665608179746
4997.1743800004815,0.10361833603140244
4997.184380000482,0.1324892526928972
4997.194380000482,0.17396333333656297
4997.204380000482,0.2347893742971431
4997.214380000482,0.32401075810348334
4997.224380000483,0.4475118751009044
4997.234380000483,0.5869448371503642
4997.244380000483,0.6733285712568877
4997.254380000483,0.6370542545620629
4997.2643800004835,0.509795273060428
4997.274380000484,0.37432389318664194
4997.284380000484,0.27002986968452863
4997.294380000484,0.19786871309751655
4997.304380000484,0.1488670477313474
4997.314380000485,0.1151121542626478
4997.324380000485,0.09127421942964951
4997.334380000485,0.07397947195430254
4997.344380000485,0.06110639280985709
4997.354380000485,0.05130606267982728
4997.364380000486,0.043697267157795164
4997.374380000486,0.03768536138483252
4997.384380000486,0.03286040776146546
4997.394380000486,0.028934959329871463
4997.4043800004865,0.025703122583796336
4997.414380000487,0.023014647688330184
4997.424380000487,0.020758387829457218
4997.434380000487,0.018851521951210936
4997.444380000487,0.017232636818783523
4997.454380000488,0.015857735042214743
4997.464380000488,0.014698879893568802
4997.474380000488,0.013744542573503478
4997.484380000488,0.012991762453781705
4997.4943800004885,0.012388548478804672
4997.504380000489,0.01174436239258737
4997.514380000489,0.010937771356831657
4997.524380000489,0.010127458241476794
4997.534380000489,0.009437958202361485
4997.54438000049,0.008866802842682864
4997.55438000049,0.008383821591115182
4997.56438000049,0.007966487855789852
4997.57438000049,0.007600706600267528
4997.5843800004905,0.007277607111287333
4997.594380000491,0.006991481980952263
4997.604380000491,0.006738766691029825
4997.614380000491,0.006517586104891767
4997.624380000491,0.0063274524980848545
4997.634380000492,0.00616829730788146
4997.644380000492,0.006036750687433658
4997.654380000492,0.005918440555577548
4997.664380000492,0.005788185909157722
4997.674380000492,0.0056351463516915576
4997.684380000493,0.005477154274535088
4997.694380000493,0.0053353948163468255
4997.704380000493,0.005217761315814048
4997.714380000493,0.005124148560424546
4997.7243800004935,0.005053202850841347
4997.734380000494,0.005005088165635871
4997.744380000494,0.004982673508510207
4997.754380000494,0.004993029086070901
4997.764380000494,0.005050362591306092
4997.774380000495,0.005180860807676206
4997.784380000495,0.00542339912051559
4997.794380000495,0.005785200670541068
4997.804380000495,0.006085050249184456
4997.8143800004955,0.006005008389874679
4997.824380000496,0.005638382532459414
4997.834380000496,0.0053055002655693715
4997.844380000496,0.005100650551374725
4997.854380000496,0.004993744769012539
4997.864380000497,0.004949189103628223
4997.874380000497,0.004945463347586901
4997.884380000497,0.004971046273070623
4997.894380000497,0.005020032227969395
4997.904380000497,0.0050896487058959845
4997.914380000498,0.00517902607929724
4997.924380000498,0.0052886287993494175
4997.934380000498,0.005420060171750576
4997.944380000498,0.005576107644363474
4997.9543800004985,0.005760960690940393
4997.964380000499,0.005980668106078074
4997.974380000499,0.006243951634446301
4997.984380000499,0.006563468478240058
4997.994380000499,0.006957521697987266
4998.0043800005,0.007451875225051274
4998.0143800005,0.008079806274884856
4998.0243800005,0.008873997854128169
4998.0343800005,0.009832698773203946
4998.0443800005005,0.01084008206992392
4998.054380000501,0.011612663327335519
4998.064380000501,0.011887016764483388
4998.074380000501,0.01173696041515058
4998.084380000501,0.011484178428081698
4998.094380000502,0.01136938794297071
4998.104380000502,0.011469893668491103
4998.114380000502,0.011782055654451952
4998.124380000502,0.012286099398424268
4998.1343800005025,0.012969506032507395
4998.144380000503,0.0138318359485201
4998.154380000503,0.014884748720104486
4998.164380000503,0.016151971036461956
4998.174380000503,0.017670632232496906
4998.184380000504,0.019494627328174217
4998.194380000504,0.021700362307988167
4998.204380000504,0.02439151526604327
4998.214380000504,0.027680735413951937
4998.224380000504,0.03163011411547473
4998.234380000505,0.036345762320780545
4998.244380000505,0.04223132631699672
4998.254380000505,0.049872315841183
4998.264380000505,0.05997800349636291
4998.2743800005055,0.07358474501018214
4998.284380000506,0.09232419517432319
4998.294380000506,0.1188151227888375
4998.304380000506,0.15727486212891006
4998.314380000506,0.21424683275153675
4998.324380000507,0.29825523726166625
4998.334380000507,0.4131835237505961
4998.344380000507,0.5352881523104099
4998.354380000507,0.5936762342076994
4998.3643800005075,0.5376014576163982
4998.374380000508,0.41598649370488866
4998.384380000508,0.3004478143818332
4998.394380000508,0.21572064380950334
4998.404380000508,0.15821359895931683
4998.414380000509,0.11939111676310253
4998.424380000509,0.09264977287526976
4998.434380000509,0.07372289646951878
4998.444380000509,0.05995603258476437
4998.454380000509,0.0496879202871946
4998.46438000051,0.04185669600211897
4998.47438000051,0.03576564241326934
4998.48438000051,0.03094297619114532
4998.49438000051,0.02705777636721281
4998.5043800005105,0.02387695914371558
4998.514380000511,0.02124201150786805
4998.524380000511,0.019041213640687452
4998.534380000511,0.01718864138034678
4998.544380000511,0.01561676351297485
4998.554380000512,0.014273067200658537
4998.564380000512,0.013116869984840743
4998.574380000512,0.012116558111932033
4998.584380000512,0.011247498521682997
4998.5943800005125,0.01049059804896827
4998.604380000513,0.009831429932246193
4998.614380000513,0.009259920352260002
4998.624380000513,0.008770750867235418
4998.634380000513,0.008364870821807396
4998.644380000514,0.008052596473988705
4998.654380000514,0.007856311585111157
4998.664380000514,0.007793040965116278
4998.674380000514,0.007778213131731041
4998.6843800005145,0.007564344453805221
4998.694380000515,0.0070955248562974815
4998.704380000515,0.006586806007974861
4998.714380000515,0.006155244437674791
4998.724380000515,0.005809281585566367
4998.734380000516,0.005531749126317595
4998.744380000516,0.00530461559094349
4998.754380000516,0.005114354238375057
4998.764380000516,0.004951909815657394
4998.774380000516,0.00481141742753597
4998.784380000517,0.004689085280111372
4998.794380000517,0.004582412225918399
4998.804380000517,0.004489636796906555
4998.814380000517,0.004409241628620577
4998.8243800005175,0.004339882833231093
4998.834380000518,0.004281222869212921
4998.844380000518,0.004233859136811185
4998.854380000518,0.004198406860531884
4998.864380000518,0.0041758755067470765
4998.874380000519,0.004169344908025715
4998.884380000519,0.00418600270373251
4998.894380000519,0.0042379075547312305
4998.904380000519,0.004333246262518128
4998.9143800005195,0.004433542294257737
4998.92438000052,0.00444211665590464
4998.93438000052,0.004365425990509356
4998.94438000052,0.004295634016592446
4998.95438000052,0.004257380298065336
4998.964380000521,0.004240697943015029
4998.974380000521,0.0042428399605516556
4998.984380000521,0.004264136539697728
4998.994380000521,0.004302792812381077
4999.004380000521,0.0043557368757191324
4999.014380000522,0.004420806641853737
4999.024380000522,0.004498273691164736
4999.034380000522,0.004588799159681031
4999.044380000522,0.004692727614173517
4999.0543800005225,0.004810587289572217
4999.064380000523,0.004943221852701893
4999.074380000523,0.005091783732658438
4999.084380000523,0.005257724708598475
4999.094380000523,0.005442809973968843
4999.104380000524,0.005649190445854282
4999.114380000524,0.005879536500975512
4999.124380000524,0.006137043295943268
4999.134380000524,0.00642488801587848
4999.1443800005245,0.006744633739377531
4999.154380000525,0.0070976509682682465
4999.164380000525,0.0074909184742185005
4999.174380000525,0.007934166246075987
4999.184380000525,0.008435954886381327
4999.194380000526,0.00900531304134692
4999.204380000526,0.009653293760318496
4999.214380000526,0.010393753446408504
4999.224380000526,0.011244061234071269
4999.2343800005265,0.012225993861470733
4999.244380000527,0.013367033323429084
4999.254380000527,0.014702198585461347
4999.264380000527,0.01627654404986908
4999.274380000527,0.018148649442180472
4999.284380000528,0.02039606677673625
4999.294380000528,0.023124081411197955
4999.304380000528,0.026477702320993734
4999.314380000528,0.030658981697802453
4999.324380000528,0.035955520810366425
4999.334380000529,0.042786973766671496
4999.344380000529,0.05178156036704024
4999.354380000529,0.06390511920609022
4999.364380000529,0.08068225024106852
4999.3743800005295,0.10457274229185357
4999.38438000053,0.1395687968966102
4999.39438000053,0.19188013988496108
4999.40438000053,0.2693581508078363
4999.41438000053,0.37392617778347176
4999.424380000531,0.47780100554800325
4999.434380000531,0.5125127217180083
4999.444380000531,0.44667375436244605
4999.454380000531,0.3375854865359588
4999.4643800005315,0.24263686695866515
4999.474380000532,0.17523906020839858
4999.484380000532,0.12955707493048682
4999.494380000532,0.09838060444190229
4999.504380000532,0.07672608893285861
4999.514380000533,0.06139084764358448
4999.524380000533,0.050228193739661114
4999.534380000533,0.04174393246099469
4999.544380000533,0.03511857668811053
4999.5543800005335,0.02995030233088361
4999.564380000534,0.025907174209297813
4999.574380000534,0.022704839967019413
4999.584380000534,0.020093009179719727
4999.594380000534,0.017871901435729656
4999.604380000535,0.015976172350875763
4999.614380000535,0.014383595194835497
4999.624380000535,0.013044150465609514
4999.634380000535,0.011906365917704395
4999.644380000535,0.010930221533659754
4999.654380000536,0.010085726469182455
4999.664380000536,0.009349995921088983
4999.674380000536,0.008705172076386405
4999.684380000536,0.008137064797703512
4999.6943800005365,0.007634238167097064
4999.704380000537,0.007187371424026379
4999.714380000537,0.006788795827730421
4999.724380000537,0.006432151103259174
4999.734380000537,0.006112127266579696
4999.744380000538,0.005824269649788104
4999.754380000538,0.005564829211283743
4999.764380000538,0.0053306476545298045
4999.774380000538,0.00511907276685995
4999.7843800005385,0.0049278494966886995
4999.794380000539,0.00475475691625981
4999.804380000539,0.00459716093773548
4999.814380000539,0.004453192331652455
4999.824380000539,0.00432245788908852
4999.83438000054,0.004204356522146964
4999.84438000054,0.004097858507193388
4999.85438000054,0.004001988070840242
4999.86438000054,0.003915937869284193
4999.87438000054,0.00383902709541735
4999.884380000541,0.0037706766263610075
4999.894380000541,0.0037103960605111104
4999.904380000541,0.0036577708507518686
4999.914380000541,0.003612448967818835
4999.9243800005415,0.0035741295368830095
4999.934380000542,0.003542567924142203
4999.944380000542,0.00351759555005152
4999.954380000542,0.003499114619590126
4999.964380000542,0.003487074252577579
4999.974380000543,0.003481461153972706
4999.984380000543,0.003482293584890084
4999.994380000543,0.0034896131137654492
