#nu,CO2/x=.33/T=300K/P=1atm/L=10cm
4975.12438,0.0
4975.13438,0.010618556524138687
4975.144380000001,0.010131640763013167
4975.154380000001,0.009697448439685848
4975.164380000001,0.009309844148330856
4975.174380000001,0.008963571656553456
4975.1843800000015,0.008654179379983227
4975.194380000002,0.008377935662886117
4975.204380000002,0.00813173700385069
4975.214380000002,0.007913015964167467
4975.224380000002,0.0077196586006892005
4975.234380000003,0.0075499378828904
4975.244380000003,0.007402463145034976
4975.254380000003,0.007276142098975227
4975.264380000003,0.007170153201587479
4975.2743800000035,0.007083930380751242
4975.284380000004,0.0070171651625407895
4975.294380000004,0.006969827818685038
4975.304380000004,0.00694219786635304
4975.314380000004,0.006934884828208385
4975.324380000005,0.006948827297014357
4975.334380000005,0.006985280538200193
4975.344380000005,0.007045820586985744
4975.354380000005,0.007132393644679245
4975.364380000005,0.007247425695407371
4975.374380000006,0.007393981404904827
4975.384380000006,0.007575930942475769
4975.394380000006,0.0077980731345863715
4975.404380000006,0.00806619282852358
4975.4143800000065,0.008387072219099116
4975.424380000007,0.008768476304290312
4975.434380000007,0.009219081443610663
4975.444380000007,0.009748249276663293
4975.454380000007,0.010365489030243969
4975.464380000008,0.011079389739287519
4975.474380000008,0.01189572690940231
4975.484380000008,0.012814380763380465
4975.494380000008,0.013824761713607667
4975.5043800000085,0.014899868661522655
4975.514380000009,0.015990193962725434
4975.524380000009,0.01702044000223603
4975.534380000009,0.01789358987600409
4975.544380000009,0.01850620828009515
4975.55438000001,0.018773788892514607
4975.56438000001,0.018656845181549413
4975.57438000001,0.018174118240209407
4975.58438000001,0.017395175703570236
4975.5943800000105,0.016417315472413197
4975.604380000011,0.015339727235566295
4975.614380000011,0.01424547124982824
4975.624380000011,0.013194096055128687
4975.634380000011,0.012222166164192754
4975.644380000012,0.011347731159287278
4975.654380000012,0.010575807320371588
4975.664380000012,0.00990328516518444
4975.674380000012,0.009322659279441398
4975.684380000012,0.008824559468509898
4975.694380000013,0.00839932330545072
4975.704380000013,0.008037890286466612
4975.714380000013,0.007732230099638948
4975.724380000013,0.007475452273170209
4975.7343800000135,0.007261727811236834
4975.744380000014,0.007086142827622759
4975.754380000014,0.006944560224581283
4975.764380000014,0.0068335120700689245
4975.774380000014,0.006750116453924687
4975.784380000015,0.006692008456565624
4975.794380000015,0.00665727952158901
4975.804380000015,0.006644423464933711
4975.814380000015,0.006652289147992753
4975.8243800000155,0.006680040439664214
4975.834380000016,0.006727124133258142
4975.844380000016,0.006793246252166682
4975.854380000016,0.006878356557014934
4975.864380000016,0.006982639862980993
4975.874380000017,0.007106511854610603
4975.884380000017,0.007250617863154021
4975.894380000017,0.007415835111510441
4975.904380000017,0.007603280178808781
4975.914380000017,0.007814323097059272
4975.924380000018,0.008050608582610612
4975.934380000018,0.008314084423395091
4975.944380000018,0.008607037082990536
4975.954380000018,0.008932134856503134
4975.9643800000185,0.009292479238884264
4975.974380000019,0.009691665589707599
4975.984380000019,0.010133854830844353
4975.994380000019,0.010623858627285812
4976.004380000019,0.011167240945426987
4976.01438000002,0.011770439042624186
4976.02438000002,0.01244090687863734
4976.03438000002,0.013187283247370044
4976.04438000002,0.014019585067215783
4976.0543800000205,0.014949423507429907
4976.064380000021,0.015990237605290773
4976.074380000021,0.017157535506570204
4976.084380000021,0.018469123877692287
4976.094380000021,0.01994528857879697
4976.104380000022,0.021608864970107413
4976.114380000022,0.023485109240831335
4976.124380000022,0.025601263364202594
4976.134380000022,0.027985705882549877
4976.1443800000225,0.030666577669401385
4976.154380000023,0.03366966435519854
4976.164380000023,0.03701496678828969
4976.174380000023,0.04071090697817544
4976.184380000023,0.044745100890838344
4976.194380000024,0.04907169708907181
4976.204380000024,0.05359724680680287
4976.214380000024,0.05816915245004021
4976.224380000024,0.0625723121285535
4976.234380000024,0.06654007652417969
4976.244380000025,0.06978408139244749
4976.254380000025,0.07204249670421102
4976.264380000025,0.07313712255712548
4976.274380000025,0.0730200175458673
4976.2843800000255,0.07178842321174786
4976.294380000026,0.06965846029761548
4976.304380000026,0.06690737659502138
4976.314380000026,0.06380713045461771
4976.324380000026,0.060571315987871896
4976.334380000027,0.05732769761315639
4976.344380000027,0.05411884387347072
4976.354380000027,0.050926897425326786
4976.364380000027,0.04771293593047113
4976.3743800000275,0.044455644865641
4976.384380000028,0.041173154086864214
4976.394380000028,0.03792084598171779
4976.404380000028,0.03477190127640398
4976.414380000028,0.03179486515793471
4976.424380000029,0.02903907435881704
4976.434380000029,0.02653048012083775
4976.444380000029,0.024274696858964485
4976.454380000029,0.02226294935585967
4976.464380000029,0.020477957392362172
4976.47438000003,0.01889848446165599
4976.48438000003,0.01750236450299698
4976.49438000003,0.016268287821124727
4976.50438000003,0.015176724600600855
4976.5143800000305,0.014210304733968879
4976.524380000031,0.013353877103343102
4976.534380000031,0.012594393758869157
4976.544380000031,0.011920713952570695
4976.554380000031,0.011323387670121487
4976.564380000032,0.010794450556014534
4976.574380000032,0.01032724353506124
4976.584380000032,0.009916261130879287
4976.594380000032,0.009557028313276004
4976.6043800000325,0.009246002345079196
4976.614380000033,0.00898049177984196
4976.624380000033,0.008758580578383421
4976.634380000033,0.008579042390154883
4976.644380000033,0.00844122579710688
4976.654380000034,0.00834488229191838
4976.664380000034,0.008289898852613088
4976.674380000034,0.00827590185237911
4976.684380000034,0.008301744404532812
4976.6943800000345,0.008364996253160705
4976.704380000035,0.008461697241376655
4976.714380000035,0.008586697073575606
4976.724380000035,0.008734765377596345
4976.734380000035,0.008902378248192717
4976.744380000036,0.009089818825524976
4976.754380000036,0.00930291355157216
4976.764380000036,0.009553471027726607
4976.774380000036,0.009857896714703955
4976.784380000036,0.010234519195593815
4976.794380000037,0.010700762256740173
4976.804380000037,0.011270781918138293
4976.814380000037,0.011953229717017922
4976.824380000037,0.01274827530721787
4976.8343800000375,0.013643161254571396
4976.844380000038,0.014606314568615771
4976.854380000038,0.015581467804646122
4976.864380000038,0.01648527836700056
4976.874380000038,0.017213549887152544
4976.884380000039,0.017659870907634677
4976.894380000039,0.017744075676921427
4976.904380000039,0.017438837449339398
4976.914380000039,0.016779451277294986
4976.9243800000395,0.015850624928260358
4976.93438000004,0.014758542017291027
4976.94438000004,0.013603401290914337
4976.95438000004,0.012462843232786782
4976.96438000004,0.011387553568622224
4976.974380000041,0.010404747168361919
4976.984380000041,0.009524605886169083
4976.994380000041,0.008746533209367567
4977.004380000041,0.008063965141546016
4977.0143800000415,0.0074675996868864575
4977.024380000042,0.006947356013340265
4977.034380000042,0.006493451889175691
4977.044380000042,0.006096922049672205
4977.054380000042,0.005749806686663589
4977.064380000043,0.005445162665090123
4977.074380000043,0.005176998989768571
4977.084380000043,0.004940202290030311
4977.094380000043,0.004730479429505881
4977.104380000043,0.0045443003640177285
4977.114380000044,0.004378806437777142
4977.124380000044,0.004231680255733461
4977.134380000044,0.004101013884088203
4977.144380000044,0.003985211853267398
4977.1543800000445,0.0038829350722126236
4977.164380000045,0.003793069604414745
4977.174380000045,0.0037147007579617195
4977.184380000045,0.003647077358439883
4977.194380000045,0.0035895545328772124
4977.204380000046,0.0035415037596002864
4977.214380000046,0.0035021798940046683
4977.224380000046,0.003470545478082862
4977.234380000046,0.0034450842457489556
4977.2443800000465,0.003423693890443669
4977.254380000047,0.003403812519706604
4977.264380000047,0.0033829173410414334
4977.274380000047,0.003359314227657133
4977.284380000047,0.0033327912492938797
4977.294380000048,0.0033046507057863787
4977.304380000048,0.0032770843467236693
4977.314380000048,0.003252352590666895
4977.324380000048,0.0032322370279221787
4977.334380000048,0.003217888533078569
4977.344380000049,0.0032099304745034996
4977.354380000049,0.0032086428159367963
4977.364380000049,0.0032141279558566007
4977.374380000049,0.0032264273569564076
4977.3843800000495,0.003245590834825551
4977.39438000005,0.003271709694381438
4977.40438000005,0.0033049249507574032
4977.41438000005,0.003345421385221519
4977.42438000005,0.0033934217928799824
4977.434380000051,0.003449202800584759
4977.444380000051,0.0035131536310254795
4977.454380000051,0.0035858759890927414
4977.464380000051,0.003668281997023191
4977.4743800000515,0.0037616333006468407
4977.484380000052,0.0038675106772882704
4977.494380000052,0.003987763313098187
4977.504380000052,0.004124493622721888
4977.514380000052,0.004280095433596874
4977.524380000053,0.004457332335316792
4977.534380000053,0.004659438409297549
4977.544380000053,0.004890231432040759
4977.554380000053,0.005154234899755479
4977.5643800000535,0.005456806088812739
4977.574380000054,0.005804263162443509
4977.584380000054,0.006203994607490213
4977.594380000054,0.006664516781147877
4977.604380000054,0.007195415916100931
4977.614380000055,0.00780706366451462
4977.624380000055,0.008509923929951296
4977.634380000055,0.009313172084256678
4977.644380000055,0.010222243618629168
4977.654380000055,0.011234885245514917
4977.664380000056,0.01233546187824861
4977.674380000056,0.013487970465001862
4977.684380000056,0.014629737393442931
4977.694380000056,0.01566997962293998
4977.7043800000565,0.016498810098769908
4977.714380000057,0.01700984988536139
4977.724380000057,0.017131495724668926
4977.734380000057,0.016852401609483102
4977.744380000057,0.01622596795176883
4977.754380000058,0.015350888133937398
4977.764380000058,0.014339834634428228
4977.774380000058,0.013292507665505085
4977.784380000058,0.012281747284981518
4977.7943800000585,0.011351948622615024
4977.804380000059,0.010524578331917219
4977.814380000059,0.009805856372758
4977.824380000059,0.009193565665958804
4977.834380000059,0.008681680661245071
4977.84438000006,0.008262748977667647
4977.85438000006,0.007928664079423614
4977.86438000006,0.00767058407919528
4977.87438000006,0.007478571270480327
4977.88438000006,0.007341429746996987
4977.894380000061,0.007247250931328704
4977.904380000061,0.0071850242994832125
4977.914380000061,0.007146998157914324
4977.924380000061,0.0071305526659102125
4977.9343800000615,0.007138192199650713
4977.944380000062,0.007175402401081247
4977.954380000062,0.007247490268009059
4977.964380000062,0.0073567833766294
4977.974380000062,0.0075008643154407416
4977.984380000063,0.007671956333684971
4977.994380000063,0.007857634954035688
4978.004380000063,0.00804325860614747
4978.014380000063,0.00821614536155521
4978.0243800000635,0.008370364532927478
4978.034380000064,0.008509952492306698
4978.044380000064,0.008648785726734122
4978.054380000064,0.008807332778502727
4978.064380000064,0.0090083041678993
4978.074380000065,0.009273284687683606
4978.084380000065,0.009621154226308251
4978.094380000065,0.01006785301078564
4978.104380000065,0.010626532697084475
4978.1143800000655,0.011307175444532346
4978.124380000066,0.012114957386130902
4978.134380000066,0.013046807671513398
4978.144380000066,0.014085893484441442
4978.154380000066,0.015194497879306799
4978.164380000067,0.01630735066097542
4978.174380000067,0.017329835986438908
4978.184380000067,0.018147097676658733
4978.194380000067,0.018647613054399204
4978.204380000067,0.018756137838078415
4978.214380000068,0.018460614901040978
4978.224380000068,0.01781674581157416
4978.234380000068,0.016927203750837463
4978.244380000068,0.015908637836406336
4978.2543800000685,0.014863774466458347
4978.264380000069,0.013867515082166874
4978.274380000069,0.012965738726704737
4978.284380000069,0.012180992004382472
4978.294380000069,0.011519903764911648
4978.30438000007,0.010979557357767738
4978.31438000007,0.01055199996026211
4978.32438000007,0.010227097067090284
4978.33438000007,0.009994316882591515
4978.3443800000705,0.009844024650258113
4978.354380000071,0.009768579644254484
4978.364380000071,0.009763104142397363
4978.374380000071,0.009825613389929188
4978.384380000071,0.009956497699667798
4978.394380000072,0.01015777029081832
4978.404380000072,0.010432528543936498
4978.414380000072,0.010784774040383879
4978.424380000072,0.011219480027985439
4978.434380000072,0.011742739277861366
4978.444380000073,0.012361877538986404
4978.454380000073,0.013085469412309253
4978.464380000073,0.01392320849700683
4978.474380000073,0.014885567349732055
4978.4843800000735,0.015983146866175996
4978.494380000074,0.017225567896807768
4978.504380000074,0.01861971031237483
4978.514380000074,0.020167076838873973
4978.524380000074,0.021860092760570576
4978.534380000075,0.02367732109785511
4978.544380000075,0.025577976682981562
4978.554380000075,0.027496844223491818
4978.564380000075,0.02934168395701359
4978.5743800000755,0.030996040249130108
4978.584380000076,0.03233019297831604
4978.594380000076,0.033220826744700595
4978.604380000076,0.03357577617155666
4978.614380000076,0.03335589806795124
4978.624380000077,0.032585160608974525
4978.634380000077,0.03134438299475113
4978.644380000077,0.029751482122750507
4978.654380000077,0.027936557942045116
4978.6643800000775,0.026020442349082226
4978.674380000078,0.02410152393288196
4978.684380000078,0.022251160297182073
4978.694380000078,0.02051526864633426
4978.704380000078,0.018919088264200176
4978.714380000079,0.01747275845171264
4978.724380000079,0.016176339813699342
4978.734380000079,0.015023738973310719
4978.744380000079,0.0140055177952185
4978.754380000079,0.013110790429751575
4978.76438000008,0.012328444313413865
4978.77438000008,0.011647883000018592
4978.78438000008,0.011059441700887027
4978.79438000008,0.01055458545096917
4978.8043800000805,0.010125964557829535
4978.814380000081,0.009767372700987188
4978.824380000081,0.00947363293762619
4978.834380000081,0.00924043184325627
4978.844380000081,0.009064141132610086
4978.854380000082,0.008941715963362214
4978.864380000082,0.008870815206625348
4978.874380000082,0.008850258471346795
4978.884380000082,0.00888071985826205
4978.8943800000825,0.008965277315104334
4978.904380000083,0.009109447800232784
4978.914380000083,0.009320738822327897
4978.924380000083,0.009608086468104146
4978.934380000083,0.009981456826073282
4978.944380000084,0.010451549152747553
4978.954380000084,0.011029284931677522
4978.964380000084,0.011724654960336867
4978.974380000084,0.012544428416739615
4978.9843800000845,0.013488181894485246
4978.994380000085,0.014542232970324366
4979.004380000085,0.01567170522799785
4979.014380000085,0.01681255737188732
4979.024380000085,0.017868043822054775
4979.034380000086,0.018716324104893708
4979.044380000086,0.01923419286794382
4979.054380000086,0.01933296907853642
4979.064380000086,0.01899034952317831
4979.074380000086,0.01825897909439431
4979.084380000087,0.01724605720643499
4979.094380000087,0.01607731009403061
4979.104380000087,0.014865111711572619
4979.114380000087,0.013691868681956779
4979.1243800000875,0.012607945614249879
4979.134380000088,0.011637727511901038
4979.144380000088,0.010787890202179542
4979.154380000088,0.010054638039694634
4979.164380000088,0.009428900173571666
4979.174380000089,0.008899620746822854
4979.184380000089,0.008455641812576834
4979.194380000089,0.008086671169314809
4979.204380000089,0.007783705283779104
4979.2143800000895,0.007539151947456232
4979.22438000009,0.00734680225444941
4979.23438000009,0.007201738475065926
4979.24438000009,0.007100225598435083
4979.25438000009,0.007039611601115864
4979.264380000091,0.00701824883160058
4979.274380000091,0.0070354422026954865
4979.284380000091,0.007091426419298608
4979.294380000091,0.00718737242245711
4979.304380000091,0.007325421432010909
4979.314380000092,0.00750874256912764
4979.324380000092,0.007741605926283898
4979.334380000092,0.008029455283887349
4979.344380000092,0.008378951663286349
4979.3543800000925,0.008797940846112533
4979.364380000093,0.009295278262529941
4979.374380000093,0.009880427162760148
4979.384380000093,0.0105627241056055
4979.394380000093,0.011350136324639234
4979.404380000094,0.012247135937182371
4979.414380000094,0.01325100808695648
4979.424380000094,0.014345883066177907
4979.434380000094,0.015494712446071717
4979.4443800000945,0.016631614572086752
4979.454380000095,0.01765986094545007
4979.464380000095,0.018462248599151063
4979.474380000095,0.01892723268900263
4979.484380000095,0.018984109532816703
4979.494380000096,0.018629684188150645
4979.504380000096,0.017929650222178174
4979.514380000096,0.016993835517738892
4979.524380000096,0.015941168716482868
4979.5343800000965,0.014872357866154543
4979.544380000097,0.013857927836762653
4979.554380000097,0.012938868097669655
4979.564380000097,0.012133437763443512
4979.574380000097,0.011445029063008488
4979.584380000098,0.010868618609776337
4979.594380000098,0.01039521968962479
4979.604380000098,0.010014616493022982
4979.614380000098,0.009716883168546468
4979.624380000098,0.009493133965727667
4979.634380000099,0.009335823190764777
4979.644380000099,0.009238798458640589
4979.654380000099,0.009197227824215911
4979.664380000099,0.009207466706838864
4979.6743800000995,0.009266892605874055
4979.6843800001,0.00937370261326875
4979.6943800001,0.009526636132514088
4979.7043800001,0.009724562267265088
4979.7143800001,0.009965875138176457
4979.724380000101,0.010247684032320617
4979.734380000101,0.010564883736252565
4979.744380000101,0.010909366651975854
4979.754380000101,0.011269874719894315
4979.7643800001015,0.011633125907035333
4979.774380000102,0.011986566290222026
4979.784380000102,0.012322197666825341
4979.794380000102,0.012639856219929189
4979.804380000102,0.012948137294743287
4979.814380000103,0.013262424803761202
4979.824380000103,0.01360122994839279
4979.834380000103,0.013982742373136217
4979.844380000103,0.014422816300964796
4979.854380000103,0.014934497592510356
4979.864380000104,0.015528538060998204
4979.874380000104,0.016214278226968575
4979.884380000104,0.01700051450272428
4979.894380000104,0.017896239177015216
4979.9043800001045,0.01891134003852843
4979.914380000105,0.02005741322829648
4979.924380000105,0.02134872210853065
4979.934380000105,0.022803094993628478
4979.944380000105,0.024442467058894336
4979.954380000106,0.02629299319188357
4979.964380000106,0.028384922947442312
4979.974380000106,0.030752426341816592
4979.984380000106,0.033433359007931096
4979.9943800001065,0.036468755360746966
4980.004380000107,0.039901679018630336
4980.014380000107,0.043774901341437696
4980.024380000107,0.04812670353663942
4980.034380000107,0.052983922566369544
4980.044380000108,0.058351270525525176
4980.054380000108,0.06419616258232352
4980.064380000108,0.07042917268412967
4980.074380000108,0.0768823044499101
4980.0843800001085,0.08329083683193496
4980.094380000109,0.08928895190927459
4980.104380000109,0.09443205666781386
4980.114380000109,0.09825498560337478
4980.124380000109,0.10036143040615325
4980.13438000011,0.10051955127637582
4980.14438000011,0.0987255178874692
4980.15438000011,0.0952052814199387
4980.16438000011,0.09035385596547764
4980.17438000011,0.08464064966823469
4980.184380000111,0.07851890337038851
4980.194380000111,0.07236529361828574
4980.204380000111,0.06645573359625084
4980.214380000111,0.060968889558438974
4980.2243800001115,0.05600436580365705
4980.234380000112,0.05160486698611237
4980.244380000112,0.0477761544094702
4980.254380000112,0.04450232922456962
4980.264380000112,0.04175609464075197
4980.274380000113,0.03950447104408127
4980.284380000113,0.037710515794048396
4980.294380000113,0.03633141629386854
4980.304380000113,0.03531330458187664
4980.3143800001135,0.034583754058615294
4980.324380000114,0.03404461957653039
4980.334380000114,0.03357051900190971
4980.344380000114,0.03301985235826756
4980.354380000114,0.032261756454963486
4980.364380000115,0.031211672533193697
4980.374380000115,0.029857010741091983
4980.384380000115,0.02825607220022852
4980.394380000115,0.026510702675940336
4980.404380000115,0.024730016127121526
4980.414380000116,0.02300346971847086
4980.424380000116,0.02139018629837434
4980.434380000116,0.01992093948337908
4980.444380000116,0.01860586268554522
4980.4543800001165,0.017442559541041083
4980.464380000117,0.016422166643352016
4980.474380000117,0.01553309345061704
4980.484380000117,0.014763119629121342
4980.494380000117,0.01410055863481594
4980.504380000118,0.013534906945124294
4980.514380000118,0.013057182143522387
4980.524380000118,0.012660064096870174
4980.534380000118,0.01233792160082449
4980.5443800001185,0.012086786183106601
4980.554380000119,0.011904315264870916
4980.564380000119,0.011789769850731378
4980.574380000119,0.011744018001990087
4980.584380000119,0.011769563172726217
4980.59438000012,0.011870583027218514
4980.60438000012,0.01205294503656967
4980.61438000012,0.012324133694507544
4980.62438000012,0.012692972307982737
4980.6343800001205,0.013168940466997422
4980.644380000121,0.013760770676981724
4980.654380000121,0.014473868222454818
4980.664380000121,0.015306009232366519
4980.674380000121,0.016240931131274897
4980.684380000122,0.017240222367564104
4980.694380000122,0.018235801892291854
4980.704380000122,0.019128136082733928
4980.714380000122,0.01979720048186385
4980.724380000122,0.020129868366530468
4980.734380000123,0.02005650031930841
4980.744380000123,0.01957777412739347
4980.754380000123,0.01876422622091863
4980.764380000123,0.01772882067206367
4980.7743800001235,0.016590389159138772
4980.784380000124,0.015446679862838701
4980.794380000124,0.014363844795250016
4980.804380000124,0.013378472716774316
4980.814380000124,0.012505165136598826
4980.824380000125,0.011744594381469532
4980.834380000125,0.011089824978196577
4980.844380000125,0.010530525392328573
4980.854380000125,0.01005546289712258
4980.8643800001255,0.00965382002428943
4980.874380000126,0.009315776250137192
4980.884380000126,0.009032658265427665
4980.894380000126,0.00879685106742978
4980.904380000126,0.00860160194837367
4980.914380000127,0.008440839106620822
4980.924380000127,0.008309133958996547
4980.934380000127,0.008201883256109734
4980.944380000127,0.008115614892674261
4980.9543800001275,0.008048144831977619
4980.964380000128,0.00799837784720555
4980.974380000128,0.007965845393589304
4980.984380000128,0.007950264572989743
4980.994380000128,0.007951302719663385
4981.004380000129,0.00796853677402951
4981.014380000129,0.008001508722320297
4981.024380000129,0.008049797709268006
4981.034380000129,0.008113075113240364
4981.044380000129,0.008191137897902998
4981.05438000013,0.008283925838160651
4981.06438000013,0.008391529262725515
4981.07438000013,0.008514192498759253
4981.08438000013,0.008652316470980087
4981.0943800001305,0.00880646185054167
4981.104380000131,0.008977351887493103
4981.114380000131,0.009165872612935718
4981.124380000131,0.00937306802752773
4981.134380000131,0.009600127702304511
4981.144380000132,0.009848360827654435
4981.154380000132,0.01011914134082362
4981.164380000132,0.010413793170745016
4981.174380000132,0.010733372027670504
4981.1843800001325,0.011078316411300818
4981.194380000133,0.011448021374331293
4981.204380000133,0.01184054963754804
4981.214380000133,0.012252869200149761
4981.224380000133,0.012681972969947808
4981.234380000134,0.013126731839777845
4981.244380000134,0.013589546623134037
4981.254380000134,0.014076668132713566
4981.264380000134,0.014596976582488524
4981.274380000134,0.015160162256406732
4981.284380000135,0.015775415278526692
4981.294380000135,0.016451026376145747
4981.304380000135,0.01719465514702213
4981.314380000135,0.018013865901416917
4981.3243800001355,0.018916670801628035
4981.334380000136,0.019911986841187643
4981.344380000136,0.021010007026921525
4981.354380000136,0.02222251741925198
4981.364380000136,0.023563192465616493
4981.374380000137,0.02504789160236324
4981.384380000137,0.026694969110057695
4981.394380000137,0.028525601588615467
4981.404380000137,0.030564139576913403
4981.4143800001375,0.03283850849386805
4981.424380000138,0.03538071196653611
4981.434380000138,0.038227481478641724
4981.444380000138,0.04142099997225153
4981.454380000138,0.04500943259196226
4981.464380000139,0.04904694365752542
4981.474380000139,0.0535931255924995
4981.484380000139,0.058712093209646404
4981.494380000139,0.0644715271477471
4981.5043800001395,0.07094151867460763
4981.51438000014,0.07819214858906778
4981.52438000014,0.08628745099803414
4981.53438000014,0.09527239003464562
4981.54438000014,0.10514968490459367
4981.554380000141,0.11584527659028795
4981.564380000141,0.12716481320406592
4981.574380000141,0.13874881491762492
4981.584380000141,0.15004148865691544
4981.594380000141,0.1602958430704477
4981.604380000142,0.1686394706625815
4981.614380000142,0.17421158607490106
4981.624380000142,0.17634904989143643
4981.634380000142,0.17476099507903534
4981.6443800001425,0.1696173634622924
4981.654380000143,0.16150672359849153
4981.664380000143,0.15128064365927005
4981.674380000143,0.1398543348506397
4981.684380000143,0.12804081237299056
4981.694380000144,0.1164606428299855
4981.704380000144,0.10552490048572209
4981.714380000144,0.09546416021241329
4981.724380000144,0.08637492345240262
4981.7343800001445,0.07826491837463372
4981.744380000145,0.07108922690456658
4981.754380000145,0.06477585718311592
4981.764380000145,0.05924236423047491
4981.774380000145,0.05440588773274535
4981.784380000146,0.05018875269039962
4981.794380000146,0.046521262020444
4981.804380000146,0.04334280415092883
4981.814380000146,0.040601997485904165
4981.824380000146,0.038256300846285334
4981.834380000147,0.03627130686732181
4981.844380000147,0.03461976921129762
4981.854380000147,0.03328026186900446
4981.864380000147,0.03223520617001257
4981.8743800001475,0.03146782855264088
4981.884380000148,0.030957490626670636
4981.894380000148,0.030672953565058867
4981.904380000148,0.03056388899575083
4981.914380000148,0.030552806540745086
4981.924380000149,0.030532469146500988
4981.934380000149,0.030375912957496694
4981.944380000149,0.0299631387002372
4981.954380000149,0.02921762190238015
4981.9643800001495,0.028133470254942488
4981.97438000015,0.026775002072710052
4981.98438000015,0.025248841662710065
4981.99438000015,0.023666945605901785
4982.00438000015,0.02211980737986824
4982.014380000151,0.020666545573226367
4982.024380000151,0.019337562906222322
4982.034380000151,0.018142501837169905
4982.044380000151,0.017078372954459794
4982.0543800001515,0.016135688038694983
4982.064380000152,0.015302344748930288
4982.074380000152,0.014565801755926425
4982.084380000152,0.013914181379048813
4982.094380000152,0.013336763574600537
4982.104380000153,0.012824148133616653
4982.114380000153,0.012368241288391429
4982.124380000153,0.01196215679387447
4982.134380000153,0.011600084758623097
4982.144380000153,0.011277158914315778
4982.154380000154,0.010989336882946761
4982.164380000154,0.010733295193184758
4982.174380000154,0.010506331910955347
4982.184380000154,0.010306266080328792
4982.1943800001545,0.010131322457251908
4982.204380000155,0.00997998658495542
4982.214380000155,0.009850806825364024
4982.224380000155,0.009742114732810584
4982.234380000155,0.009651653978601316
4982.244380000156,0.00957618108332706
4982.254380000156,0.009511244362180862
4982.264380000156,0.00945149023755117
4982.274380000156,0.009391761274839105
4982.2843800001565,0.00932872365489255
4982.294380000157,0.009262089682693929
4982.304380000157,0.009194526526196378
4982.314380000157,0.009130316297602109
4982.324380000157,0.00907373254858226
4982.334380000158,0.009028008306217191
4982.344380000158,0.008995075556981822
4982.354380000158,0.00897577635005531
4982.364380000158,0.008970199355934834
4982.374380000158,0.00897794807788165
4982.384380000159,0.008998293759159512
4982.394380000159,0.009030259437567243
4982.404380000159,0.009072732683486741
4982.414380000159,0.009124692550891248
4982.4243800001595,0.009185522146303544
4982.43438000016,0.009255228226664984
4982.44438000016,0.009334396189196788
4982.45438000016,0.009423918665581735
4982.46438000016,0.009524704396350179
4982.474380000161,0.009637522877165386
4982.484380000161,0.009762991538499726
4982.494380000161,0.009901634999215715
4982.504380000161,0.01005395515708186
4982.5143800001615,0.010220485676940396
4982.524380000162,0.010401827882636895
4982.534380000162,0.010598673382183465
4982.544380000162,0.010811819196530405
4982.554380000162,0.01104217942675874
4982.564380000163,0.01129079585848736
4982.574380000163,0.011558848813791494
4982.584380000163,0.01184766894311202
4982.594380000163,0.012158750390183468
4982.6043800001635,0.012493765907689131
4982.614380000164,0.012854585296242402
4982.624380000164,0.013243300134307473
4982.634380000164,0.013662259506115038
4982.644380000164,0.014114121206417982
4982.654380000165,0.014601918304665156
4982.664380000165,0.015129133532997495
4982.674380000165,0.015699771446397635
4982.684380000165,0.01631842663227863
4982.694380000165,0.01699035909868812
4982.704380000166,0.017721592836230614
4982.714380000166,0.018519047568317404
4982.724380000166,0.019390704652759085
4982.734380000166,0.020345802896615528
4982.7443800001665,0.021395059102378343
4982.754380000167,0.022550907421729813
4982.764380000167,0.02382774545803211
4982.774380000167,0.025242157970082866
4982.784380000167,0.026813055176027892
4982.794380000168,0.028561604564282753
4982.804380000168,0.030510744223511486
4982.814380000168,0.03268393836095878
4982.824380000168,0.03510269280448046
4982.8343800001685,0.03778228394025158
4982.844380000169,0.040725417809464565
4982.854380000169,0.04391458215713955
4982.864380000169,0.04730612079941185
4982.874380000169,0.05083205255720318
4982.88438000017,0.054416534214859515
4982.89438000017,0.05800802340215372
4982.90438000017,0.061615366314756594
4982.91438000017,0.06532697679145649
4982.9243800001705,0.06930037146533645
4982.934380000171,0.0737300744268004
4982.944380000171,0.07881429041446403
4982.954380000171,0.08473476053610729
4982.964380000171,0.09165064537334139
4982.974380000172,0.09969905597204579
4982.984380000172,0.10899399358899567
4982.994380000172,0.11961767887610061
4983.004380000172,0.13160029637204257
4983.014380000172,0.1448856529568312
4983.024380000173,0.1592825183366049
4983.034380000173,0.17440652273961751
4983.044380000173,0.18962707910911664
4983.054380000173,0.2040469273353895
4983.0643800001735,0.21655152208618395
4983.074380000174,0.2259571765651629
4983.084380000174,0.23124752627898387
4983.094380000174,0.2318266559924328
4983.104380000174,0.22767784405128322
4983.114380000175,0.2193474502724466
4983.124380000175,0.20776727487305693
4983.134380000175,0.19401326377452496
4983.144380000175,0.1791067591857681
4983.1543800001755,0.16390476147287592
4983.164380000176,0.1490630590313786
4983.174380000176,0.13503731047844875
4983.184380000176,0.1221018910153664
4983.194380000176,0.11038065928202778
4983.204380000177,0.09988536823684012
4983.214380000177,0.09055492698118343
4983.224380000177,0.08228930287204092
4983.234380000177,0.07497472363063482
4983.244380000177,0.0684994969934063
4983.254380000178,0.06276160401861343
4983.264380000178,0.05767046613841751
4983.274380000178,0.05314579321065185
4983.284380000178,0.04911600118157978
4983.2943800001785,0.04551756744707372
4983.304380000179,0.04229532966019869
4983.314380000179,0.039402734826363264
4983.324380000179,0.03680107824568697
4983.334380000179,0.03445775697972132
4983.34438000018,0.03234439037290483
4983.35438000018,0.030435563424735506
4983.36438000018,0.02870834517475337
4983.37438000018,0.02714229107618153
4983.3843800001805,0.025719520202683834
4983.394380000181,0.024424587294691665
4983.404380000181,0.02324413255900724
4983.414380000181,0.022166476480802225
4983.424380000181,0.02118130451689679
4983.434380000182,0.0202794664794543
4983.444380000182,0.01945284564415922
4983.454380000182,0.018694252993110515
4983.464380000182,0.01799732489393784
4983.4743800001825,0.017356417879678655
4983.484380000183,0.016766499427482217
4983.494380000183,0.016223035573576818
4983.504380000183,0.015721881402379508
4983.514380000183,0.015259192452435542
4983.524380000184,0.01483138935103685
4983.534380000184,0.014435205391843193
4983.544380000184,0.014067804824329146
4983.554380000184,0.01372689396277562
4983.564380000184,0.013410727514802722
4983.574380000185,0.013117982387318075
4983.584380000185,0.012847568609624027
4983.594380000185,0.01259847517892648
4983.604380000185,0.012369697950295935
4983.6143800001855,0.01216023516058537
4983.624380000186,0.011969113172994438
4983.634380000186,0.011795414594852229
4983.644380000186,0.01163829757028612
4983.654380000186,0.011497005416840296
4983.664380000187,0.011370869386345647
4983.674380000187,0.011259307496537897
4983.684380000187,0.011161821520931956
4983.694380000187,0.011077993364478204
4983.7043800001875,0.0110074814421341
4983.714380000188,0.010950017256389631
4983.724380000188,0.01090540194971177
4983.734380000188,0.01087350194944503
4983.744380000188,0.010854241788215724
4983.754380000189,0.010847590967798255
4983.764380000189,0.010853541018644882
4983.774380000189,0.010872070242247917
4983.784380000189,0.010903100457488817
4983.794380000189,0.010946466848060526
4983.80438000019,0.011001944694184631
4983.81438000019,0.011069376501651558
4983.82438000019,0.011148879387737563
4983.83438000019,0.011241013279753258
4983.8443800001905,0.011346783673545236
4983.854380000191,0.011467489390431787
4983.864380000191,0.011604549040838208
4983.874380000191,0.011759414403537467
4983.884380000191,0.011933580011207576
4983.894380000192,0.012128645627704774
4983.904380000192,0.01234639425782018
4983.914380000192,0.012588870497503353
4983.924380000192,0.012858458201696937
4983.9343800001925,0.013157961688413395
4983.944380000193,0.013490695794298688
4983.954380000193,0.013860589497900767
4983.964380000193,0.014272306137478414
4983.974380000193,0.01473138035944821
4983.984380000194,0.015244366996830083
4983.994380000194,0.01581898819173391
4984.004380000194,0.016464248463603406
4984.014380000194,0.017190457197804928
4984.0243800001945,0.01800904705438549
4984.034380000195,0.018931996678300426
4984.044380000195,0.01997055074825954
4984.054380000195,0.021132794646728133
4984.064380000195,0.02241956142800795
4984.074380000196,0.02381833292516701
4984.084380000196,0.025295655079266413
4984.094380000196,0.026790611134394175
4984.104380000196,0.028214865564722344
4984.114380000196,0.02946621883533505
4984.124380000197,0.03045773646933495
4984.134380000197,0.03115206649332462
4984.144380000197,0.031580563694604255
4984.154380000197,0.031833673326448826
4984.1643800001975,0.0320296904653503
4984.174380000198,0.032282223367988375
4984.184380000198,0.032681286304987275
4984.194380000198,0.03328959035933109
4984.204380000198,0.034147687457991564
4984.214380000199,0.03528127258599054
4984.224380000199,0.03670669350583528
4984.234380000199,0.0384330832090129
4984.244380000199,0.040460753293878014
4984.2543800001995,0.042776232583285355
4984.2643800002,0.04534560042730996
4984.2743800002,0.048110173676169765
4984.2843800002,0.05099128884848581
4984.2943800002,0.053910329886525776
4984.304380000201,0.05682203144517031
4984.314380000201,0.05974596279821677
4984.324380000201,0.0627762803961814
4984.334380000201,0.0660632979668311
4984.344380000201,0.06978068866665216
4984.354380000202,0.07409841125494558
4984.364380000202,0.07917123767158646
4984.374380000202,0.08514035760550996
4984.384380000202,0.09214064879716616
4984.394380000203,0.10030741861052374
4984.404380000203,0.10977898227327203
4984.414380000203,0.12069283362403208
4984.424380000203,0.13317315133698215
4984.434380000203,0.14730658924240334
4984.444380000204,0.1631025757628498
4984.454380000204,0.18043492737406078
4984.464380000204,0.19896544360929283
4984.474380000204,0.21805990437879763
4984.4843800002045,0.23672401680531083
4984.494380000205,0.2536071343162172
4984.504380000205,0.2671292944059178
4984.514380000205,0.27575728063184524
4984.524380000205,0.27837676774542425
4984.534380000206,0.27461782319577155
4984.544380000206,0.26497194214697695
4984.554380000206,0.25063616307655523
4984.564380000206,0.23316936675559116
4984.5743800002065,0.21412710140133345
4984.584380000207,0.19480662897114437
4984.594380000207,0.17614107146771396
4984.604380000207,0.15870927826547876
4984.614380000207,0.14280527419276887
4984.624380000208,0.1285222595731086
4984.634380000208,0.11582663857157177
4984.644380000208,0.10461368859857724
4984.654380000208,0.09474528495724427
4984.664380000208,0.08607343449863811
4984.674380000209,0.07845380166162468
4984.684380000209,0.07175269584370587
4984.694380000209,0.0658500425621308
4984.704380000209,0.06064004641626575
4984.7143800002095,0.05603065312275913
4984.72438000021,0.05194248404998942
4984.73438000021,0.048307579718860794
4984.74438000021,0.045068053830301553
4984.75438000021,0.04217469238665806
4984.764380000211,0.03958559324925873
4984.774380000211,0.037264967797908506
4984.784380000211,0.03518215479095665
4984.794380000211,0.033310812123286786
4984.8043800002115,0.03162822089142225
4984.814380000212,0.03011464352837337
4984.824380000212,0.028752692054802353
4984.834380000212,0.027526674409208477
4984.844380000212,0.02642190516464724
4984.854380000213,0.025424007028019373
4984.864380000213,0.024518303462072854
4984.874380000213,0.02368950224555729
4984.884380000213,0.0229219388616166
4984.8943800002135,0.02220057548814422
4984.904380000214,0.021512641982449798
4984.914380000214,0.02084934829050034
4984.924380000214,0.020206839045078723
4984.934380000214,0.019585837675407385
4984.944380000215,0.0189901303936833
4984.954380000215,0.01842462163929567
4984.964380000215,0.017893733273932434
4984.974380000215,0.01740052819722673
4984.984380000215,0.016946511458710047
4984.994380000216,0.01653185168065558
4985.004380000216,0.016155766252295426
4985.014380000216,0.015816905875584455
4985.024380000216,0.015513665502569492
4985.0343800002165,0.015244406972827036
4985.044380000217,0.015007605824702603
4985.054380000217,0.014801942516493418
4985.064380000217,0.014626356989847376
4985.074380000217,0.014480081505294751
4985.084380000218,0.014362662735891913
4985.094380000218,0.014273980747829937
4985.104380000218,0.01421426959826345
4985.114380000218,0.014184141831958789
4985.1243800002185,0.014184617195316752
4985.134380000219,0.014217154400620935
4985.144380000219,0.014283684323526403
4985.154380000219,0.014386645846505014
4985.164380000219,0.014529034818134825
4985.17438000022,0.014714489284253096
4985.18438000022,0.014947429475936292
4985.19438000022,0.015233220095657947
4985.20438000022,0.015578247374594512
4985.21438000022,0.01598980940832853
4985.224380000221,0.016475863171352242
4985.234380000221,0.017044806978607135
4985.244380000221,0.01770533983147457
4985.254380000221,0.018465917904980235
4985.2643800002215,0.01933272273776146
4985.274380000222,0.020305049340553268
4985.284380000222,0.021368042317138698
4985.294380000222,0.022484557401824836
4985.304380000222,0.02359035399764479
4985.314380000223,0.02459905801571367
4985.324380000223,0.025422167530032947
4985.334380000223,0.026000776066086105
4985.344380000223,0.026332950338215345
4985.3543800002235,0.026477730726281616
4985.364380000224,0.026531682876606438
4985.374380000224,0.02659282163549905
4985.384380000224,0.026730262665906165
4985.394380000224,0.02696753312920782
4985.404380000225,0.027278324327149075
4985.414380000225,0.027593050486925442
4985.424380000225,0.027817980822046014
4985.434380000225,0.027866945312288418
4985.4443800002255,0.027695571701262224
4985.454380000226,0.02731947164742013
4985.464380000226,0.026804944369008054
4985.474380000226,0.026240264574467376
4985.484380000226,0.025706914311600743
4985.494380000227,0.025263849036329025
4985.504380000227,0.024945353094227785
4985.514380000227,0.02476644109883135
4985.524380000227,0.024730070548501848
4985.534380000227,0.024833158011279482
4985.544380000228,0.025070568752966493
4985.554380000228,0.02543733892590755
4985.564380000228,0.025929733256313755
4985.574380000228,0.026545687392544724
4985.5843800002285,0.02728499149263446
4985.594380000229,0.028149407821959665
4985.604380000229,0.029142815467098092
4985.614380000229,0.03027139601706249
4985.624380000229,0.03154380921750306
4985.63438000023,0.032971316378513624
4985.64438000023,0.034567892182422504
4985.65438000023,0.036350416144134035
4985.66438000023,0.03833899936336338
4985.6743800002305,0.04055744673541119
4985.684380000231,0.043033840549875926
4985.694380000231,0.04580124832561345
4985.704380000231,0.04889857438757746
4985.714380000231,0.05237157967737717
4985.724380000232,0.056274091668093246
4985.734380000232,0.060669419755280174
4985.744380000232,0.06563197887415784
4985.754380000232,0.07124909844711352
4985.764380000232,0.07762294429125426
4985.774380000233,0.0848723912252706
4985.784380000233,0.09313452782513182
4985.794380000233,0.10256521242731481
4985.804380000233,0.11333767447374991
4985.8143800002335,0.1256374961349668
4985.824380000234,0.1396513478036113
4985.834380000234,0.1555455839011075
4985.844380000234,0.17342944552703948
4985.854380000234,0.1932969010701341
4985.864380000235,0.2149428264624493
4985.874380000235,0.23785643175985427
4985.884380000235,0.26111148371702003
4985.894380000235,0.28329988276480533
4985.9043800002355,0.30258219948612675
4985.914380000236,0.31692672332574323
4985.924380000236,0.32454120553450305
4985.934380000236,0.3243723632860022
4985.944380000236,0.316444853330477
4985.954380000237,0.3018529855640109
4985.964380000237,0.28240999027085256
4985.974380000237,0.2601470939910767
4985.984380000237,0.23688855022251146
4985.9943800002375,0.2140215888069375
4986.004380000238,0.19245261295641747
4986.014380000238,0.17267685909720357
4986.024380000238,0.15488875534899477
4986.034380000238,0.13908772722551607
4986.044380000239,0.12516086582446556
4986.054380000239,0.11294005320005013
4986.064380000239,0.10223801093531201
4986.074380000239,0.09286921301124332
4986.084380000239,0.08466081585906549
4986.09438000024,0.07745744419729916
4986.10438000024,0.07112247861374775
4986.11438000024,0.0655375044960504
4986.12438000024,0.060600816534579445
4986.1343800002405,0.05622541662002854
4986.144380000241,0.05233680057801323
4986.154380000241,0.048870847447043946
4986.164380000241,0.04577213317823301
4986.174380000241,0.04299289013684484
4986.184380000242,0.040492549693449446
4986.194380000242,0.03823741697418666
4986.204380000242,0.036199929992160415
4986.214380000242,0.03435739804597589
4986.2243800002425,0.032690640991755386
4986.234380000243,0.0311829835297609
4986.244380000243,0.029819714027573812
4986.254380000243,0.028587854674555855
4986.264380000243,0.0274760605085893
4986.274380000244,0.026474544917384362
4986.284380000244,0.025575000775918934
4986.294380000244,0.02477052003964872
4986.304380000244,0.024055523083532787
4986.3143800002445,0.02342570778915271
4986.324380000245,0.022878025351730624
4986.334380000245,0.022410687489408238
4986.344380000245,0.02202320825513528
4986.354380000245,0.021716482288372082
4986.364380000246,0.021492899110080583
4986.374380000246,0.02135648846057994
4986.384380000246,0.021313082121532847
4986.394380000246,0.02137045878298863
4986.404380000246,0.02153840340464831
4986.414380000247,0.021828551106300883
4986.424380000247,0.022253785639238063
4986.434380000247,0.0228268159124484
4986.444380000247,0.023557377030688737
4986.4543800002475,0.02444738362127136
4986.464380000248,0.025483557880195868
4986.474380000248,0.0266280666834567
4986.484380000248,0.02781002551232825
4986.494380000248,0.02892373122771646
4986.504380000249,0.02984008342545879
4986.514380000249,0.030432063274303128
4986.524380000249,0.030605471014736072
4986.534380000249,0.030322091993484585
4986.5443800002495,0.029608114213806828
4986.55438000025,0.028546909022201528
4986.56438000025,0.02725765916668884
4986.57438000025,0.02586610726198142
4986.58438000025,0.02447906443327842
4986.594380000251,0.023171527424537035
4986.604380000251,0.021986510614185186
4986.614380000251,0.02094200941499066
4986.624380000251,0.020039550536943167
4986.634380000251,0.01927135358334668
4986.644380000252,0.018625310453213046
4986.654380000252,0.01808804647659516
4986.664380000252,0.01764660971777049
4986.674380000252,0.017289283870243116
4986.6843800002525,0.017005885715110074
4986.694380000253,0.016787784808643853
4986.704380000253,0.016627791117051028
4986.714380000253,0.016519993163317134
4986.724380000253,0.016459589237185976
4986.734380000254,0.01644273136054083
4986.744380000254,0.016466389434559227
4986.754380000254,0.016528236063881055
4986.764380000254,0.01662654903296372
4986.7743800002545,0.01676012834574023
4986.784380000255,0.01692822710257777
4986.794380000255,0.017130498485360347
4986.804380000255,0.017366963470447652
4986.814380000255,0.017638002220536488
4986.824380000256,0.01794436204576693
4986.834380000256,0.01828716293795635
4986.844380000256,0.018667885862718347
4986.854380000256,0.01908834934016914
4986.8643800002565,0.019550691724881858
4986.874380000257,0.020057370697833293
4986.884380000257,0.020611184794584292
4986.894380000257,0.021215324791911135
4986.904380000257,0.021873464371428345
4986.914380000258,0.022589881853519185
4986.924380000258,0.023369574341825544
4986.934380000258,0.02421832533269576
4986.944380000258,0.025142734874931006
4986.954380000258,0.02615026261756109
4986.964380000259,0.027249322901154126
4986.974380000259,0.028449436826218536
4986.984380000259,0.029761429777593097
4986.994380000259,0.031197665008289733
4987.0043800002595,0.03277230833679582
4987.01438000026,0.034501618745685005
4987.02438000026,0.03640425835414461
4987.03438000026,0.038501620504587455
4987.04438000026,0.0408181945927277
4987.054380000261,0.04338202991825571
4987.064380000261,0.046225428736540244
4987.074380000261,0.0493860431600465
4987.084380000261,0.052908455470452316
4987.0943800002615,0.05684604292166994
4987.104380000262,0.06126272214791565
4987.114380000262,0.06623437989001302
4987.124380000262,0.07185025198596263
4987.134380000262,0.07821465448882955
4987.144380000263,0.08544917786514429
4987.154380000263,0.09369507133823356
4987.164380000263,0.10311526150358928
4987.174380000263,0.11389515121667047
4987.184380000263,0.12624084147109957
4987.194380000264,0.1403725724946466
4987.204380000264,0.15650990330979858
4987.214380000264,0.17484345816508443
4987.224380000264,0.19548630837858205
4987.2343800002645,0.2183973711787796
4987.244380000265,0.2432722322791707
4987.254380000265,0.2694081350933405
4987.264380000265,0.29557463337991186
4987.274380000265,0.3199586906583401
4987.284380000266,0.34028333660090054
4987.294380000266,0.35417721414618164
4987.304380000266,0.3597564082526587
4987.314380000266,0.3562053005713811
4987.3243800002665,0.3440572029670515
4987.334380000267,0.3250091582550016
4987.344380000267,0.30138155866968747
4987.354380000267,0.2755129146567232
4987.364380000267,0.2493353886784098
4987.374380000268,0.2242060740983964
4987.384380000268,0.2009332221933333
4987.394380000268,0.179896717727628
4987.404380000268,0.1611856932628158
4987.4143800002685,0.14471450018451834
4987.424380000269,0.13030620733268705
4987.434380000269,0.11774666712233103
4987.444380000269,0.10681657452134576
4987.454380000269,0.09730879469661924
4987.46438000027,0.08903658695998343
4987.47438000027,0.08183657500762637
4987.48438000027,0.07556885342227138
4987.49438000027,0.07011557826140392
4987.50438000027,0.06537876968134598
4987.514380000271,0.061277748960007684
4987.524380000271,0.057746425871084646
4987.534380000271,0.054730398086331594
4987.544380000271,0.05218354483817091
4987.5543800002715,0.05006360641613505
4987.564380000272,0.048326315015795714
4987.574380000272,0.0469183067762307
4987.584380000272,0.04577068221617188
4987.594380000272,0.04479737979007095
4987.604380000273,0.04390315418007148
4987.614380000273,0.04300108683988066
4987.624380000273,0.04202978570488335
4987.634380000273,0.040956374137590366
4987.6443800002735,0.03976312950162654
4987.654380000274,0.03843334793628602
4987.664380000274,0.036953465251785375
4987.674380000274,0.03532982740359902
4987.684380000274,0.033601315337579034
4987.694380000275,0.03183328767235031
4987.704380000275,0.03009728125805161
4987.714380000275,0.02845163786547843
4987.724380000275,0.026932709052658203
4987.734380000275,0.025556030040068598
4987.744380000276,0.024322194400351615
4987.754380000276,0.02322307314502625
4987.764380000276,0.022246483992083246
4987.774380000276,0.021379102823409633
4987.7843800002765,0.020608047287041385
4987.794380000277,0.01992161733892201
4987.804380000277,0.01930955190942789
4987.814380000277,0.018763030862440615
4987.824380000277,0.018274558052273737
4987.834380000278,0.01783780159951802
4987.844380000278,0.01744743084441694
4987.854380000278,0.017098967049448785
4987.864380000278,0.016788652481579458
4987.8743800002785,0.016513337077695783
4987.884380000279,0.016270377573411845
4987.894380000279,0.016057536846355847
4987.904380000279,0.015872866252317513
4987.914380000279,0.015714559722968445
4987.92438000028,0.015580791519162095
4987.93438000028,0.015469593380277603
4987.94438000028,0.015378877767620003
4987.95438000028,0.015306706348607528
4987.9643800002805,0.015251749355675113
4987.974380000281,0.015213650899895329
4987.984380000281,0.015193000384648504
4987.994380000281,0.015190927714028022
4988.004380000281,0.015208634221754391
4988.014380000282,0.015247121669434007
4988.024380000282,0.015307146700523832
4988.034380000282,0.015389290278594796
4988.044380000282,0.015494036176692214
4988.054380000282,0.01562180716427909
4988.064380000283,0.01577295274892173
4988.074380000283,0.015947712570718694
4988.084380000283,0.0161461995530193
4988.094380000283,0.016368443306868787
4988.1043800002835,0.016614486478465938
4988.114380000284,0.016884451769304955
4988.124380000284,0.017178468075691608
4988.134380000284,0.017496424531244885
4988.144380000284,0.017837674693250167
4988.154380000285,0.018200914469005354
4988.164380000285,0.01858442113021931
4988.174380000285,0.01898668721424073
4988.184380000285,0.01940728149842069
4988.1943800002855,0.01984760931671668
4988.204380000286,0.02031123959965648
4988.214380000286,0.020803664740564623
4988.224380000286,0.021331645480727014
4988.234380000286,0.02190246301469983
4988.244380000287,0.0225233610336653
4988.254380000287,0.023201294712193638
4988.264380000287,0.023942951869243386
4988.274380000287,0.02475494441548224
4988.2843800002875,0.02564407352040282
4988.294380000288,0.026617607609779322
4988.304380000288,0.027683547396112743
4988.314380000288,0.02885087525542361
4988.324380000288,0.03012979787754867
4988.334380000289,0.03153199542941466
4988.344380000289,0.03307089133221668
4988.354380000289,0.034761956628826
4988.364380000289,0.03662306303998404
4988.374380000289,0.03867489960630319
4988.38438000029,0.04094146933633773
4988.39438000029,0.04345068447769766
4988.40438000029,0.04623508192063396
4988.41438000029,0.04933268406304389
4988.4243800002905,0.052788035578205404
4988.434380000291,0.05665345283585321
4988.444380000291,0.06099052805626822
4988.454380000291,0.06587192858164963
4988.464380000291,0.07138351631996992
4988.474380000292,0.07762678560785546
4988.484380000292,0.0847215848976672
4988.494380000292,0.09280902861220487
4988.504380000292,0.10205436918096154
4988.5143800002925,0.11264932997486117
4988.524380000293,0.12481293098701264
4988.534380000293,0.13878906941576336
4988.544380000293,0.15483792499743085
4988.554380000293,0.17321653631893993
4988.564380000294,0.19414165003470993
4988.574380000294,0.21772568658326644
4988.584380000294,0.24387615367653367
4988.594380000294,0.2721540881220797
4988.604380000294,0.3016048027475115
4988.614380000295,0.3306107293836806
4988.624380000295,0.35686643523615036
4988.634380000295,0.3776050317814228
4988.644380000295,0.39014631901822344
4988.6543800002955,0.39265088422626876
4988.664380000296,0.38474685299252465
4988.674380000296,0.367669804227394
4988.684380000296,0.34382651220479
4988.694380000296,0.31604635705111456
4988.704380000297,0.28690555087999053
4988.714380000297,0.2583517551621468
4988.724380000297,0.23162958869230255
4988.734380000297,0.20738707517275162
4988.7443800002975,0.18584155399236704
4988.754380000298,0.1669327630728585
4988.764380000298,0.15043782555793858
4988.774380000298,0.13605105998853653
4988.784380000298,0.1234422433338425
4988.794380000299,0.1123038622774077
4988.804380000299,0.10238619476876527
4988.814380000299,0.09351078362927132
4988.824380000299,0.0855591007850753
4988.8343800002995,0.07844752616064679
4988.8443800003,0.07210485470471951
4988.8543800003,0.06646067318799742
4988.8643800003,0.0614432341158858
4988.8743800003,0.05698179964143786
4988.884380000301,0.05300961605046968
4988.894380000301,0.049465912621938876
4988.904380000301,0.046296737825785896
4988.914380000301,0.043454958752383775
4988.924380000301,0.040899788863394036
4988.934380000302,0.03859610713230731
4988.944380000302,0.03651372725810564
4988.954380000302,0.03462670069193507
4988.964380000302,0.03291269046718222
4988.9743800003025,0.03135242678453828
4988.984380000303,0.029929242306373907
4988.994380000303,0.028628679322346313
4989.004380000303,0.027438158890267707
4989.014380000303,0.02634670206238174
4989.024380000304,0.02534469460864263
4989.034380000304,0.02442368869547006
4989.044380000304,0.023576237200622723
4989.054380000304,0.022795758027505206
4989.0643800003045,0.022076425811016383
4989.074380000305,0.021413085880437558
4989.084380000305,0.02080118169878511
4989.094380000305,0.020236686550981643
4989.104380000305,0.01971603552660805
4989.114380000306,0.01923606086120542
4989.124380000306,0.018793936160812843
4989.134380000306,0.018387132145527427
4989.144380000306,0.018013382617841044
4989.154380000306,0.017670657658153753
4989.164380000307,0.01735714144980252
4989.174380000307,0.01707121316039586
4989.184380000307,0.016811430051293357
4989.194380000307,0.01657651233918189
4989.2043800003075,0.01636532945421505
4989.214380000308,0.016176887337050774
4989.224380000308,0.0160103163150439
4989.234380000308,0.015864858880542572
4989.244380000308,0.01573985643826456
4989.254380000309,0.015634734329870777
4989.264380000309,0.015548986420140128
4989.274380000309,0.015482164992557583
4989.284380000309,0.015433885741997567
4989.2943800003095,0.015403853757927006
4989.30438000031,0.01539190153581769
4989.31438000031,0.015398017273780672
4989.32438000031,0.015422346586020244
4989.33438000031,0.015465166011366669
4989.344380000311,0.015526835528624286
4989.354380000311,0.015607738836053155
4989.364380000311,0.015708221212352647
4989.374380000311,0.015828539580043512
4989.3843800003115,0.015968851091275327
4989.394380000312,0.016129278522784975
4989.404380000312,0.016310076946582916
4989.414380000312,0.016511863596759217
4989.424380000312,0.01673579701191874
4989.434380000313,0.01698359563108255
4989.444380000313,0.017257398515133603
4989.454380000313,0.017559581452276204
4989.464380000313,0.017892642210372976
4989.474380000313,0.018259190390629287
4989.484380000314,0.01866201378711994
4989.494380000314,0.01910417994154328
4989.504380000314,0.01958914688176166
4989.514380000314,0.020120874284545235
4989.5243800003145,0.02070393551994715
4989.534380000315,0.021343632678225616
4989.544380000315,0.0220461129894989
4989.554380000315,0.02281847656587628
4989.564380000315,0.023668850706076723
4989.574380000316,0.024606382532501154
4989.584380000316,0.025641067041668807
4989.594380000316,0.026783280436661058
4989.604380000316,0.02804282832162563
4989.6143800003165,0.029427251061995653
4989.624380000317,0.030939116051933956
4989.634380000317,0.03257231708645851
4989.644380000317,0.03430847652517821
4989.654380000317,0.03611652696968765
4989.664380000318,0.037959817505187045
4989.674380000318,0.039812180822246725
4989.684380000318,0.04167641628222622
4989.694380000318,0.04359288259308198
4989.704380000318,0.04563169872570077
4989.714380000319,0.047875160295619
4989.724380000319,0.05040265463815032
4989.734380000319,0.053284625853305415
4989.744380000319,0.05658434348712545
4989.7543800003195,0.06036334945777191
4989.76438000032,0.06468753215502253
4989.77438000032,0.0696325876071514
4989.78438000032,0.0752886817771915
4989.79438000032,0.08176444225959367
4989.804380000321,0.08919038002035007
4989.814380000321,0.0977217062625207
4989.824380000321,0.10754027003977684
4989.834380000321,0.11885491296507512
4989.8443800003215,0.13189890935871573
4989.854380000322,0.1469224855624787
4989.864380000322,0.16417794783896883
4989.874380000322,0.18389467516284908
4989.884380000322,0.20623998539064275
4989.894380000323,0.2312572308071738
4989.904380000323,0.2587648925191966
4989.914380000323,0.28820105520979616
4989.924380000323,0.3184258065486929
4989.9343800003235,0.34755593144345887
4989.944380000324,0.37297477027761733
4989.954380000324,0.3916731173877001
4989.964380000324,0.40095758336669307
4989.974380000324,0.39930524873283957
4989.984380000325,0.3869267608691826
4989.994380000325,0.3656901063624545
4990.004380000325,0.3384565479393367
4990.014380000325,0.3082297615193967
4990.024380000325,0.2775212668458868
4990.034380000326,0.24808421907336192
4990.044380000326,0.2209393363130272
4990.054380000326,0.19654178162963892
4990.064380000326,0.17497192198594175
4990.0743800003265,0.15609294034782126
4990.084380000327,0.13966112787038193
4990.094380000327,0.1253947571013935
4990.104380000327,0.11301299048823191
4990.114380000327,0.10225542052810674
4990.124380000328,0.09289011455545293
4990.134380000328,0.08471534843855363
4990.144380000328,0.07755816365231703
4990.154380000328,0.07127152291302398
4990.1643800003285,0.0657310179868808
4990.174380000329,0.06083161601366093
4990.184380000329,0.05648467368792455
4990.194380000329,0.05261530982624663
4990.204380000329,0.04916015366941339
4990.21438000033,0.04606544942868264
4990.22438000033,0.04328548066964346
4990.23438000033,0.04078127222169411
4990.24438000033,0.038519526458399164
4990.2543800003305,0.03647174916306227
4990.264380000331,0.034613517390524866
4990.274380000331,0.03292384816496679
4990.284380000331,0.031384647881742
4990.294380000331,0.029980242458930655
4990.304380000332,0.028696991237040902
4990.314380000332,0.02752297786125742
4990.324380000332,0.02644776269876466
4990.334380000332,0.02546217947922327
4990.344380000332,0.024558161285311044
4990.354380000333,0.023728584065031283
4990.364380000333,0.022967118496721346
4990.374380000333,0.022268085798412777
4990.384380000333,0.02162632530107205
4990.3943800003335,0.021037104386725944
4990.404380000334,0.020496120382902994
4990.414380000334,0.019999617159530376
4990.424380000334,0.019544544005546
4990.434380000334,0.019128608122248807
4990.444380000335,0.01875014527127756
4990.454380000335,0.018407897937575364
4990.464380000335,0.018100846780285878
4990.474380000335,0.017828156571708692
4990.4843800003355,0.017589207575122456
4990.494380000336,0.01738366126860504
4990.504380000336,0.017211529117053988
4990.514380000336,0.01707323615182429
4990.524380000336,0.01696968197669581
4990.534380000337,0.016902300685339607
4990.544380000337,0.016873113053603877
4990.554380000337,0.016884750750750216
4990.564380000337,0.01694040929162334
4990.574380000337,0.01704364739980004
4990.584380000338,0.01719788936450933
4990.594380000338,0.017405407065843686
4990.604380000338,0.017665497425390555
4990.614380000338,0.017971653490250972
4990.6243800003385,0.018308015707274812
4990.634380000339,0.018646577685503745
4990.644380000339,0.018948237340636134
4990.654380000339,0.019171010301354728
4990.664380000339,0.01928480448468339
4990.67438000034,0.01928506261468377
4990.68438000034,0.019195236820603465
4990.69438000034,0.019056078965560923
4990.70438000034,0.018910085875895394
4990.7143800003405,0.018790634782553533
4990.724380000341,0.018718772711736487
4990.734380000341,0.018705126483987585
4990.744380000341,0.018753456758093777
4990.754380000341,0.01886382385478847
4990.764380000342,0.019034764119275408
4990.774380000342,0.019264579948974462
4990.784380000342,0.019552026838190985
4990.794380000342,0.01989664606668952
4990.8043800003425,0.020298911909147208
4990.814380000343,0.02076029503183067
4990.824380000343,0.021283298348486107
4990.834380000343,0.02187149352271395
4990.844380000343,0.02252956887406433
4990.854380000344,0.023263386693449996
4990.864380000344,0.024080034651959705
4990.874380000344,0.024987836477608324
4990.884380000344,0.02599625382752647
4990.894380000344,0.027115554495263983
4990.904380000345,0.02835603620251345
4990.914380000345,0.029726503563724943
4990.924380000345,0.03123170318153538
4990.934380000345,0.03286877528097419
4990.9443800003455,0.03462382399511633
4990.954380000346,0.03647144470307339
4990.964380000346,0.038381131465791044
4990.974380000346,0.04033195842865435
4990.984380000346,0.04232976180795898
4990.994380000347,0.0444155684433165
4991.004380000347,0.04665902431424347
4991.014380000347,0.049142657188703566
4991.024380000347,0.05194830404364442
4991.0343800003475,0.05515186301068673
4991.044380000348,0.058825263559254846
4991.054380000348,0.06304182186384566
4991.064380000348,0.06788214532145254
4991.074380000348,0.07343947507328517
4991.084380000349,0.07982439203570221
4991.094380000349,0.08716913206110356
4991.104380000349,0.09563167633315599
4991.114380000349,0.1053995015220519
4991.124380000349,0.1166924214859369
4991.13438000035,0.12976324354232002
4991.14438000035,0.14489383366331793
4991.15438000035,0.16238242245104967
4991.16438000035,0.18251540333659058
4991.1743800003505,0.20551358237619133
4991.184380000351,0.23143992292541296
4991.194380000351,0.2600567270849578
4991.204380000351,0.2906323338135717
4991.214380000351,0.3217316310177146
4991.224380000352,0.3510863202220826
4991.234380000352,0.37570587733440486
4991.244380000352,0.3923801823776641
4991.254380000352,0.39854464827835934
4991.2643800003525,0.39316684145818237
4991.274380000353,0.37714651326418736
4991.284380000353,0.35296531941677184
4991.294380000353,0.32381818011693697
4991.304380000353,0.2927318446040421
4991.314380000354,0.2620325233515819
4991.324380000354,0.23321134398613771
4991.334380000354,0.20704289902068446
4991.344380000354,0.18379289780617766
4991.3543800003545,0.1634140497727944
4991.364380000355,0.14569254297703693
4991.374380000355,0.13034349803047832
4991.384380000355,0.11706700287748868
4991.394380000355,0.1055777452800306
4991.404380000356,0.09561851544381236
4991.414380000356,0.08696456040240512
4991.424380000356,0.07942313997426023
4991.434380000356,0.07283082992061611
4991.444380000356,0.06704998370219716
4991.454380000357,0.061965093740808046
4991.464380000357,0.05747941193359149
4991.474380000357,0.053511976086292865
4991.484380000357,0.04999507357653316
4991.4943800003575,0.04687211556574303
4991.504380000358,0.04409586721923109
4991.514380000358,0.04162696268283134
4991.524380000358,0.0394326151068483
4991.534380000358,0.037485402356241655
4991.544380000359,0.03576196208337161
4991.554380000359,0.03424137044767187
4991.564380000359,0.03290294732915619
4991.574380000359,0.031723350108387775
4991.5843800003595,0.030673324600229618
4991.59438000036,0.02971557573243777
4991.60438000036,0.028806463520205855
4991.61438000036,0.027903814668983513
4991.62438000036,0.02697907842911684
4991.634380000361,0.026026509596243027
4991.644380000361,0.02506214660684189
4991.654380000361,0.02411331528472286
4991.664380000361,0.02320648961142476
4991.674380000361,0.022360131545112287
4991.684380000362,0.02158341455704496
4991.694380000362,0.020878262082935917
4991.704380000362,0.02024213494335811
4991.714380000362,0.019670293533510557
4991.7243800003625,0.019157259123731802
4991.734380000363,0.018697624781030264
4991.744380000363,0.018286447304236196
4991.754380000363,0.01791940292971713
4991.764380000363,0.017592817891692404
4991.774380000364,0.017303632134012103
4991.784380000364,0.01704933126287309
4991.794380000364,0.016827873925701693
4991.804380000364,0.016637631121318018
4991.8143800003645,0.016477340962598796
4991.824380000365,0.01634607539138256
4991.834380000365,0.016243214945698477
4991.844380000365,0.016168430191625643
4991.854380000365,0.016121671878574963
4991.864380000366,0.01610317558989304
4991.874380000366,0.016113488929797557
4991.884380000366,0.01615352784688501
4991.894380000366,0.01622466418162939
4991.9043800003665,0.016328840321124076
4991.914380000367,0.01646868852205843
4991.924380000367,0.016647588792747033
4991.934380000367,0.01686955836997348
4991.944380000367,0.017138870965313812
4991.954380000368,0.017459310631758457
4991.964380000368,0.01783289856851978
4991.974380000368,0.018257863492355093
4991.984380000368,0.01872579181758014
4991.994380000368,0.019218585097063236
4992.004380000369,0.019707173091077262
4992.014380000369,0.020155100465196123
4992.024380000369,0.02052890080890999
4992.034380000369,0.020811966451179057
4992.0443800003695,0.021013138581397472
4992.05438000037,0.021163248983526298
4992.06438000037,0.02130238820576507
4992.07438000037,0.021467059149523713
4992.08438000037,0.021683542429226058
4992.094380000371,0.021967513501178676
4992.104380000371,0.02232684781720394
4992.114380000371,0.022764963392827298
4992.124380000371,0.02328347932982768
4992.1343800003715,0.02388394905310572
4992.144380000372,0.024568821948679785
4992.154380000372,0.02534187678068889
4992.164380000372,0.026208355976151322
4992.174380000372,0.0271749823244685
4992.184380000373,0.02824997799593765
4992.194380000373,0.029443146279935828
4992.204380000373,0.03076603436786462
4992.214380000373,0.03223217564275614
4992.2243800003735,0.03385740690361844
4992.234380000374,0.03566026133451954
4992.244380000374,0.0376624457412119
4992.254380000374,0.03988941799386944
4992.264380000374,0.0423710873578104
4992.274380000375,0.04514266679057569
4992.284380000375,0.048245712293757854
4992.294380000375,0.051729389550590185
4992.304380000375,0.05565201274189704
4992.314380000375,0.06008290622927046
4992.324380000376,0.06510464521913394
4992.334380000376,0.07081572821484888
4992.344380000376,0.07733371065050927
4992.354380000376,0.08479877211960152
4992.3643800003765,0.09337757391886464
4992.374380000377,0.10326704095752406
4992.384380000377,0.11469729007553629
4992.394380000377,0.12793219420809998
4992.404380000377,0.1432648259276765
4992.414380000378,0.16100302613336478
4992.424380000378,0.18143741659303642
4992.434380000378,0.20478054360596448
4992.444380000378,0.23106297173518758
4992.4543800003785,0.25997434201619085
4992.464380000379,0.29065359723510065
4992.474380000379,0.3214749447087501
4992.484380000379,0.3499473811213927
4992.494380000379,0.372908693930772
4992.50438000038,0.38715127077233935
4992.51438000038,0.3903761231740334
4992.52438000038,0.38203687428713157
4992.53438000038,0.36355352501891414
4992.54438000038,0.3377529083857236
4992.554380000381,0.3079096353992753
4992.564380000381,0.2769185902814274
4992.574380000381,0.24687907579482127
4992.584380000381,0.2190556793132367
4992.5943800003815,0.1940431894441318
4992.604380000382,0.17198345657775208
4992.614380000382,0.15275298443489865
4992.624380000382,0.13609655061481934
4992.634380000382,0.12171094808325235
4992.644380000383,0.1092920852357168
4992.654380000383,0.09855841373038027
4992.664380000383,0.08926041091419548
4992.674380000383,0.08118249286462548
4992.6843800003835,0.07414118196822367
4992.694380000384,0.06798167795404894
4992.704380000384,0.06257397617121156
4992.714380000384,0.05780910335185077
4992.724380000384,0.05359572339812778
4992.734380000385,0.04985719543330049
4992.744380000385,0.04652908139485605
4992.754380000385,0.043557064020984575
4992.764380000385,0.04089522369605043
4992.7743800003855,0.03850462026419208
4992.784380000386,0.03635212870848882
4992.794380000386,0.034409483761004764
4992.804380000386,0.03265249608873768
4992.814380000386,0.031060409829045572
4992.824380000387,0.02961537639500922
4992.834380000387,0.028302022271758275
4992.844380000387,0.02710709141365226
4992.854380000387,0.02601914839644557
4992.864380000387,0.025028334315927596
4992.874380000388,0.024126169818897824
4992.884380000388,0.023305399572246723
4992.894380000388,0.02255987232993518
4992.904380000388,0.021884450665706885
4992.9143800003885,0.021274944498470373
4992.924380000389,0.020728063210265435
4992.934380000389,0.020241380199883325
4992.944380000389,0.019813297362151882
4992.954380000389,0.01944298312404018
4992.96438000039,0.019130233914603598
4992.97438000039,0.018875170626659627
4992.98438000039,0.018677626653885084
4992.99438000039,0.018536028052055318
4993.0043800003905,0.018445575036671866
4993.014380000391,0.018395769066236127
4993.024380000391,0.01836803040057612
4993.034380000391,0.01833532597209873
4993.044380000391,0.01826642221666852
4993.054380000392,0.018135512422004594
4993.064380000392,0.0179329969345893
4993.074380000392,0.017669814743061788
4993.084380000392,0.017371760934132667
4993.094380000392,0.017068398012045044
4993.104380000393,0.01678405565424915
4993.114380000393,0.016534351020098002
4993.124380000393,0.01632698226353911
4993.134380000393,0.016164169826210387
4993.1443800003935,0.016044996883396074
4993.154380000394,0.01596704065868333
4993.164380000394,0.015927323438972688
4993.174380000394,0.015922821166166844
4993.184380000394,0.015950770524158314
4993.194380000395,0.0160089311960621
4993.204380000395,0.016095830384966765
4993.214380000395,0.016210903509947024
4993.224380000395,0.016354441586519466
4993.2343800003955,0.016527369873329947
4993.244380000396,0.01673098723677252
4993.254380000396,0.016966786078940924
4993.264380000396,0.01723638800610279
4993.274380000396,0.017541566735463685
4993.284380000397,0.0178843214598321
4993.294380000397,0.01826698284271273
4993.304380000397,0.018692340699856463
4993.314380000397,0.01916376643532913
4993.3243800003975,0.019685295763509896
4993.334380000398,0.02026166471163599
4993.344380000398,0.02089831995084536
4993.354380000398,0.021601407546775524
4993.364380000398,0.022377693247973795
4993.374380000399,0.023234313934575652
4993.384380000399,0.024178215853654997
4993.394380000399,0.025215125986172055
4993.404380000399,0.026348021701027437
4993.414380000399,0.027575486161561483
4993.4243800004,0.028891158462360567
4993.4343800004,0.030286209511891156
4993.4443800004,0.03175591490316
4993.4543800004,0.033307994265042856
4993.4643800004005,0.03496722083364747
4993.474380000401,0.03677280017703729
4993.484380000401,0.038771132704855306
4993.494380000401,0.04100961434589487
4993.504380000401,0.04353456120106093
4993.514380000402,0.046392655592299346
4993.524380000402,0.049634010333221
4993.534380000402,0.053315512751143705
4993.544380000402,0.05750396860196377
4993.5543800004025,0.06227906555554871
4993.564380000403,0.06773635436605668
4993.574380000403,0.07399045265662478
4993.584380000403,0.08117858373106232
4993.594380000403,0.08946439305611888
4993.604380000404,0.09904172252459054
4993.614380000404,0.11013758320450229
4993.624380000404,0.12301277824324257
4993.634380000404,0.1379572334968986
4993.644380000404,0.15527480515416964
4993.654380000405,0.17524899279948858
4993.664380000405,0.1980769869887229
4993.674380000405,0.22375671713750198
4993.684380000405,0.2519152171957168
4993.6943800004055,0.28158708441990254
4993.704380000406,0.3110022718484853
4993.714380000406,0.3375219231721188
4993.724380000406,0.3579178851101891
4993.734380000406,0.3691088445369116
4993.744380000407,0.3691675517572788
4993.754380000407,0.35807724803153423
4993.764380000407,0.33773881192583255
4993.774380000407,0.31122365567750054
4993.7843800004075,0.2817659466557923
4993.794380000408,0.25201954954217304
4993.804380000408,0.2237713279988419
4993.814380000408,0.19800098722401974
4993.824380000408,0.17509169016643167
4993.834380000409,0.15505150879693036
4993.844380000409,0.13768557886518434
4993.854380000409,0.12270983410036942
4993.864380000409,0.10981788004905262
4993.8743800004095,0.09871620192864741
4993.88438000041,0.08914010931300864
4993.89438000041,0.08085889395983172
4993.90438000041,0.07367546420345875
4993.91438000041,0.06742351497890102
4993.924380000411,0.0619638794190445
4993.934380000411,0.057180820962667724
4993.944380000411,0.052978518518917495
4993.954380000411,0.049277801747193845
4993.964380000411,0.04601317595168468
4993.974380000412,0.043130153773396566
4993.984380000412,0.04058281360573635
4993.994380000412,0.038331392432860496
4994.004380000412,0.03633967598277
4994.0143800004125,0.03457208758552963
4994.024380000413,0.032990892104210565
4994.034380000413,0.03155488781116709
4994.044380000413,0.030221702666368182
4994.054380000413,0.028954653777159327
4994.064380000414,0.02773122882058175
4994.074380000414,0.026547006892178218
4994.084380000414,0.025411489122968176
4994.094380000414,0.024339085100603
4994.1043800004145,0.023341464873991566
4994.114380000415,0.02242440634002295
4994.124380000415,0.02158825126350357
4994.134380000415,0.020829776139467966
4994.144380000415,0.020143992579148756
4994.154380000416,0.01952537950058773
4994.164380000416,0.018968586352820227
4994.174380000416,0.018468787370530322
4994.184380000416,0.018021838189043474
4994.1943800004165,0.01762432787815785
4994.204380000417,0.01727357514957511
4994.214380000417,0.016967587505336102
4994.224380000417,0.01670497758877525
4994.234380000417,0.016484804157750055
4994.244380000418,0.01630627107304269
4994.254380000418,0.016168179688321387
4994.264380000418,0.016068014957424707
4994.274380000418,0.016000632326771028
4994.284380000418,0.01595684178365555
4994.294380000419,0.015922830772328075
4994.304380000419,0.015881923962170478
4994.314380000419,0.015819468676896205
4994.324380000419,0.015728947615844202
4994.3343800004195,0.01561502718749482
4994.34438000042,0.015490966014887754
4994.35438000042,0.015372575554744687
4994.36438000042,0.015273075479903286
4994.37438000042,0.015201035464250863
4994.384380000421,0.01516078373523384
4994.394380000421,0.015153773373157743
4994.404380000421,0.015179896175122751
4994.414380000421,0.015238401915595355
4994.4243800004215,0.015328441034468525
4994.434380000422,0.015449348745030404
4994.444380000422,0.01560077428306788
4994.454380000422,0.015782723456338046
4994.464380000422,0.015995559715209565
4994.474380000423,0.016239995971043808
4994.484380000423,0.016517093912586187
4994.494380000423,0.01682826965013158
4994.504380000423,0.01717529724800959
4994.514380000423,0.017560309899423487
4994.524380000424,0.01798580774316063
4994.534380000424,0.018454679420534355
4994.544380000424,0.018970237441676127
4994.554380000424,0.01953626532803223
4994.5643800004245,0.020157078431051283
4994.574380000425,0.020837604970050577
4994.584380000425,0.021583492215976476
4994.594380000425,0.022401232342437873
4994.604380000425,0.02329829466138131
4994.614380000426,0.024283261430257753
4994.624380000426,0.025365984229811088
4994.634380000426,0.026557783093806533
4994.644380000426,0.027871700766571365
4994.6543800004265,0.02932281704179313
4994.664380000427,0.030928629643626478
4994.674380000427,0.03270951384773218
4994.684380000427,0.034689278866551064
4994.694380000427,0.03689584428591777
4994.704380000428,0.039362065229299775
4994.714380000428,0.04212674103108099
4994.724380000428,0.045235849142160355
4994.734380000428,0.04874405332945846
4994.7443800004285,0.05271654174875118
4994.754380000429,0.05723125364137827
4994.764380000429,0.062381548318363414
4994.774380000429,0.06827934738620592
4994.784380000429,0.07505872330908281
4994.79438000043,0.08287978258909483
4994.80438000043,0.09193244435974773
4994.81438000043,0.10243925077511343
4994.82438000043,0.114655512289367
4994.83438000043,0.12886366425138168
4994.844380000431,0.14535641664479573
4994.854380000431,0.16439994255799453
4994.864380000431,0.18616438395572735
4994.874380000431,0.2106065132868441
4994.8843800004315,0.23729443956945015
4994.894380000432,0.26518832030493117
4994.904380000432,0.2924471371511962
4994.914380000432,0.3164130489877213
4994.924380000432,0.33396651157810375
4994.934380000433,0.3423225309012348
4994.944380000433,0.34000754125562366
4994.954380000433,0.32746293482778577
4994.964380000433,0.3068590848486502
4994.9743800004335,0.2812524429899233
4994.984380000434,0.253630658839555
4994.994380000434,0.2263017804915053
4995.004380000434,0.20072382561873914
4995.014380000434,0.17762336109187898
4995.024380000435,0.15721768282377444
4995.034380000435,0.13942571830716433
4995.044380000435,0.12402322952463245
4995.054380000435,0.11073774589380546
4995.064380000435,0.09929656024204433
4995.074380000436,0.0894463646171862
4995.084380000436,0.08095950856845767
4995.094380000436,0.07363487958479308
4995.104380000436,0.0672963849783306
4995.1143800004365,0.06179010386661227
4995.124380000437,0.05698097083795191
4995.134380000437,0.05275015452818945
4995.144380000437,0.04899443834656608
4995.154380000437,0.04562809889577361
4995.164380000438,0.04258562212351749
4995.174380000438,0.03982184804337416
4995.184380000438,0.03730762784890559
4995.194380000438,0.035022905291023164
4995.2043800004385,0.032950829156060096
4995.214380000439,0.031074734995747925
4995.224380000439,0.0293775104616203
4995.234380000439,0.027842071522739976
4995.244380000439,0.026452034175023318
4995.25438000044,0.025192203066865516
4995.26438000044,0.024048816791299804
4995.27438000044,0.023009605795092584
4995.28438000044,0.022063735270842925
4995.2943800004405,0.021201689272977258
4995.304380000441,0.020415132218420385
4995.314380000441,0.019696768353376304
4995.324380000441,0.019040209485344874
4995.334380000441,0.01843985510403544
4995.344380000442,0.017890785833003162
4995.354380000442,0.017388670243342733
4995.364380000442,0.016929685543902933
4995.374380000442,0.016510452971698158
4995.384380000442,0.01612798715139954
4995.394380000443,0.015779655738731753
4995.404380000443,0.015463145083085066
4995.414380000443,0.015176431066016145
4995.424380000443,0.014917755392069975
4995.4343800004435,0.01468560234676832
4995.444380000444,0.014478669322322236
4995.454380000444,0.014295833228605153
4995.464380000444,0.01413612229883461
4995.474380000444,0.01399869896988973
4995.484380000445,0.01388285187734336
4995.494380000445,0.013787992219680969
4995.504380000445,0.013713651279255577
4995.514380000445,0.013659477989768317
4995.5243800004455,0.013625236555809012
4995.534380000446,0.013610804538010387
4995.544380000446,0.013616171875347903
4995.554380000446,0.013641441149354503
4995.564380000446,0.013686829201204145
4995.574380000447,0.013752670130712196
4995.584380000447,0.013839419705362765
4995.594380000447,0.013947661204189143
4995.604380000447,0.014078112668333625
4995.614380000447,0.014231635426177036
4995.624380000448,0.014409243624489448
4995.634380000448,0.014612114316956614
4995.644380000448,0.014841597424368599
4995.654380000448,0.015099224736920786
4995.664380000449,0.015386717574292847
4995.674380000449,0.01570599464832888
4995.684380000449,0.01605918599707813
4995.694380000449,0.016448664909929987
4995.704380000449,0.016877112472542654
4995.71438000045,0.017347619394330046
4995.72438000045,0.01786380421880958
4995.73438000045,0.018429904738801132
4995.74438000045,0.019050810595034613
4995.7543800004505,0.019732048907111825
4995.764380000451,0.02047977080291394
4995.774380000451,0.021300789608547196
4995.784380000451,0.022202712403336013
4995.794380000451,0.02319420413349884
4995.804380000452,0.02428540084729061
4995.814380000452,0.02548842032055297
4995.824380000452,0.02681785101340889
4995.834380000452,0.02829112414772955
4995.8443800004525,0.029928796389447034
4995.854380000453,0.031754877924333305
4995.864380000453,0.03379733723600222
4995.874380000453,0.036088831999134714
4995.884380000453,0.03866763993604494
4995.894380000454,0.041578725969071965
4995.904380000454,0.044874862071284514
4995.914380000454,0.04861769776643827
4995.924380000454,0.052878696527764286
4995.934380000454,0.057740018483129554
4995.944380000455,0.06329589795303397
4995.954380000455,0.06965578942440621
4995.964380000455,0.07695082817196756
4995.974380000455,0.0853436752169337
4995.9843800004555,0.09503835801253474
4995.994380000456,0.10628373681517482
4996.004380000456,0.11936461153677096
4996.014380000456,0.13457686141031155
4996.024380000456,0.15218226761721082
4996.034380000457,0.17233297087263116
4996.044380000457,0.19495030875918978
4996.054380000457,0.2195481874002786
4996.064380000457,0.245019953521715
4996.0743800004575,0.26947081114836163
4996.084380000458,0.2902600571383787
4996.094380000458,0.3044375128783536
4996.104380000458,0.3095882593787262
4996.114380000458,0.30474392159841335
4996.124380000459,0.2907959359346811
4996.134380000459,0.27011300294457086
4996.144380000459,0.24563918551503924
4996.154380000459,0.2200371228908555
4996.1643800004595,0.19523327030432955
4996.17438000046,0.1723633503014084
4996.18438000046,0.1519362746662408
4996.19438000046,0.1340493110517928
4996.20438000046,0.11856857648839628
4996.214380000461,0.10525260966548855
4996.224380000461,0.09382647531292683
4996.234380000461,0.08402140371037276
4996.244380000461,0.07559321242728395
4996.254380000461,0.068328779908051
4996.264380000462,0.06204633585799921
4996.274380000462,0.05659289152267109
4996.284380000462,0.0518406121011122
4996.294380000462,0.04768304733779665
4996.3043800004625,0.04403164217959013
4996.314380000463,0.040812683455963915
4996.324380000463,0.037964705130347776
4996.334380000463,0.035436320738273366
4996.344380000463,0.03318443877124609
4996.354380000464,0.031172812256178604
4996.364380000464,0.02937086394907884
4996.374380000464,0.027752724321439482
4996.384380000464,0.026296434118156287
4996.3943800004645,0.024983286114267148
4996.404380000465,0.023797290645629913
4996.414380000465,0.022724746059065753
4996.424380000465,0.02175389216924326
4996.434380000465,0.020874627483298883
4996.444380000466,0.02007827585294199
4996.454380000466,0.019357392086818873
4996.464380000466,0.018705598242642223
4996.474380000466,0.01811744308659368
4996.484380000466,0.017588276841818802
4996.494380000467,0.017114132030416025
4996.504380000467,0.016691598984026734
4996.514380000467,0.01631768155246733
4996.524380000467,0.01598961535088975
4996.5343800004675,0.015704629620931602
4996.544380000468,0.015459639005858684
4996.554380000468,0.015250871196828174
4996.564380000468,0.015073480438824827
4996.574380000468,0.014921269264596337
4996.584380000469,0.014786721139214646
4996.594380000469,0.014661569579076075
4996.604380000469,0.0145379977138911
4996.614380000469,0.014410239387576256
4996.6243800004695,0.014275991695371061
4996.63438000047,0.014136967151982047
4996.64438000047,0.013998292507215229
4996.65438000047,0.013867063474748063
4996.66438000047,0.013750719484921061
4996.674380000471,0.013655791890576445
4996.684380000471,0.013587198906469944
4996.694380000471,0.013547932089831658
4996.704380000471,0.013538868008812682
4996.7143800004715,0.013558554740177886
4996.724380000472,0.013603129413360966
4996.734380000472,0.013666891580793414
4996.744380000472,0.013744067895154794
4996.754380000472,0.01383144396312105
4996.764380000473,0.013930277981653912
4996.774380000473,0.014045976349603582
4996.784380000473,0.014185874728042218
4996.794380000473,0.014356918032573825
4996.804380000473,0.014564512034569
4996.814380000474,0.014812520660634484
4996.824380000474,0.015103771134606524
4996.834380000474,0.015440521078517584
4996.844380000474,0.015824592576916843
4996.8543800004745,0.016257058033197217
4996.864380000475,0.016737530831476787
4996.874380000475,0.01726337404843718
4996.884380000475,0.01782952089063991
4996.894380000475,0.018429866417997463
4996.904380000476,0.019060650614548723
4996.914380000476,0.019724494021806125
4996.924380000476,0.020432269734881877
4996.934380000476,0.02120126597282354
4996.9443800004765,0.022051270004488817
4996.954380000477,0.02300147752978787
4996.964380000477,0.02406956340761151
4996.974380000477,0.025272396243881008
4996.984380000477,0.02662737995512621
4996.994380000478,0.02815379690878945
4997.004380000478,0.029873979793004067
4997.014380000478,0.031814366207147164
4997.024380000478,0.03400654991423367
4997.034380000478,0.03648843795768702
4997.044380000479,0.039305606241488385
4997.054380000479,0.04251293342569553
4997.064380000479,0.04617658414494388
4997.074380000479,0.050376401338291084
4997.0843800004795,0.05520874270118093
4997.09438000048,0.06078973902446566
4997.10438000048,0.06725882946016004
4997.11438000048,0.07478218269272205
4997.12438000048,0.08355514459679077
4997.134380000481,0.09380200123831395
4997.144380000481,0.1057698733740311
4997.154380000481,0.11971118191024496
4997.164380000481,0.13584570403386093
4997.1743800004815,0.1542893819162938
4997.184380000482,0.17493551266633095
4997.194380000482,0.1972819961479012
4997.204380000482,0.22022891626278704
4997.214380000482,0.24193483558097303
4997.224380000483,0.25989776015092503
4997.234380000483,0.27142786732192214
4997.244380000483,0.2744812425415664
4997.254380000483,0.26847252937060784
4997.2643800004835,0.2545327129098814
4997.274380000484,0.23502073125595224
4997.284380000484,0.21264320255146052
4997.294380000484,0.18971503340985615
4997.304380000484,0.1678270074649237
4997.314380000485,0.14786034549095453
4997.324380000485,0.13016469023366722
4997.334380000485,0.11475674344914709
4997.344380000485,0.10147585673026242
4997.354380000485,0.09008574896630765
4997.364380000486,0.08033307809630773
4997.374380000486,0.07197735431086782
4997.384380000486,0.0648038541772022
4997.394380000486,0.058627293857269815
4997.4043800004865,0.0532909109017785
4997.414380000487,0.04866354746942695
4997.424380000487,0.0446360867173002
4997.434380000487,0.04111788449200288
4997.444380000487,0.038033450298902795
4997.454380000488,0.03531944079004346
4997.464380000488,0.0329219878982808
4997.474380000488,0.030794491632359644
4997.484380000488,0.02889621210917691
4997.4943800004885,0.027192024177947142
4997.504380000489,0.025653144617819045
4997.514380000489,0.024257713789938108
4997.524380000489,0.022990019801810178
4997.534380000489,0.021838428757254582
4997.54438000049,0.020793241571610187
4997.55438000049,0.019845436230329905
4997.56438000049,0.018986316740700025
4997.57438000049,0.01820761445072521
4997.5843800004905,0.017501663805363134
4997.594380000491,0.01686149436445001
4997.604380000491,0.01628082021667955
4997.614380000491,0.01575395971157804
4997.624380000491,0.015275732638986078
4997.634380000492,0.014841389101360482
4997.644380000492,0.014446623591693164
4997.654380000492,0.01408769720361023
4997.664380000492,0.013761619575862466
4997.674380000492,0.01346627314098393
4997.684380000493,0.013200374980760205
4997.694380000493,0.012963278343746828
4997.704380000493,0.012754716636996594
4997.714380000493,0.012574593247038286
4997.7243800004935,0.012422841107155299
4997.734380000494,0.012299295866294468
4997.744380000494,0.012203487264307908
4997.754380000494,0.012134255851028395
4997.764380000494,0.012089163317260234
4997.774380000495,0.012063846265587246
4997.784380000495,0.012051799932552525
4997.794380000495,0.012045345846732038
4997.804380000495,0.012038111017752318
4997.8143800004955,0.012027930399154176
4997.824380000496,0.012018013014607873
4997.834380000496,0.012015354729237804
4997.844380000496,0.012027773254269342
4997.854380000496,0.01206166934853223
4997.864380000497,0.012121328390542575
4997.874380000497,0.012209288388660164
4997.884380000497,0.012327040114023772
4997.894380000497,0.01247563747156198
4997.904380000497,0.012656104708347644
4997.914380000498,0.01286966888661045
4997.924380000498,0.013117874965062663
4997.934380000498,0.01340262676853254
4997.944380000498,0.013726175278467485
4997.9543800004985,0.014091056887477405
4997.964380000499,0.014499970081272882
4997.974380000499,0.014955570242665167
4997.984380000499,0.01546016326051003
4997.994380000499,0.016015299350013806
4998.0043800005,0.016621323389871764
4998.0143800005,0.01727703660045851
4998.0243800005,0.01797974667236458
4998.0343800005,0.01872604636256773
4998.0443800005005,0.019513518031391872
4998.054380000501,0.020343121081647757
4998.064380000501,0.021221459783143798
4998.074380000501,0.02216193204287993
4998.084380000501,0.0231842698630619
4998.094380000502,0.02431289577080863
4998.104380000502,0.025575100349531
4998.114380000502,0.026999917310064486
4998.124380000502,0.028618025466895586
4998.1343800005025,0.030462537418317583
4998.144380000503,0.03257036252267626
4998.154380000503,0.03498388263941079
4998.164380000503,0.0377528012970742
4998.174380000503,0.040936132082506696
4998.184380000504,0.044604372340186195
4998.194380000504,0.048841999499397
4998.204380000504,0.05375053519916922
4998.214380000504,0.05945239197799048
4998.224380000504,0.06609519687699118
4998.234380000505,0.07385514733188478
4998.244380000505,0.08293679238339903
4998.254380000505,0.09356591007296933
4998.264380000505,0.10597082421208456
4998.2743800005055,0.12034425025299622
4998.284380000506,0.1367735018161535
4998.294380000506,0.15512556139677314
4998.304380000506,0.17488301465363243
4998.314380000506,0.19495984711262032
4998.324380000507,0.21359096916763637
4998.334380000507,0.2284586458375372
4998.344380000507,0.23719545278145188
4998.354380000507,0.23817999111752577
4998.3643800005075,0.23121466952776037
4998.374380000508,0.21761480398792932
4998.384380000508,0.19964130985091225
4998.394380000508,0.17968582805968658
4998.404380000508,0.1596745011405596
4998.414380000509,0.14085658679273289
4998.424380000509,0.12387332229780859
4998.434380000509,0.10893589882380536
4998.444380000509,0.09599945044047532
4998.454380000509,0.0848907624621258
4998.46438000051,0.07538802182514177
4998.47438000051,0.06726488712607494
4998.48438000051,0.060311911554408876
4998.49438000051,0.054344990456619176
4998.5043800005105,0.049206964516083876
4998.514380000511,0.04476592405562964
4998.524380000511,0.040912161590471875
4998.534380000511,0.03755481090486287
4998.544380000511,0.03461868972162699
4998.554380000512,0.032041552904053416
4998.564380000512,0.029771791207819098
4998.574380000512,0.02776653347835018
4998.584380000512,0.025990085489965876
4998.5943800005125,0.024412633655654225
4998.604380000513,0.02300913920756604
4998.614380000513,0.02175834278352931
4998.624380000513,0.020641796199751077
4998.634380000513,0.019642861328901747
4998.644380000514,0.018745716211923023
4998.654380000514,0.017934634656977897
4998.664380000514,0.017194067130450328
4998.674380000514,0.016509945477716018
4998.6843800005145,0.015871754343565872
4998.694380000515,0.015273858960879867
4998.704380000515,0.014714877959937865
4998.714380000515,0.014195583412513401
4998.724380000515,0.013716852183709027
4998.734380000516,0.013278611633187281
4998.744380000516,0.012879706853813774
4998.754380000516,0.012518211561000164
4998.764380000516,0.01219181391592002
4998.774380000516,0.011898118692153539
4998.784380000517,0.011634837989887896
4998.794380000517,0.011399893462360883
4998.804380000517,0.011191461983479246
4998.814380000517,0.01100798949372185
4998.8243800005175,0.010848185792181417
4998.834380000518,0.010711001844189907
4998.844380000518,0.010595583921459754
4998.854380000518,0.010501194145452569
4998.864380000518,0.010427082080701613
4998.874380000519,0.010372295440030705
4998.884380000519,0.010335455486626809
4998.894380000519,0.010314617447180555
4998.904380000519,0.010307441893158844
4998.9143800005195,0.010311835186310734
4998.92438000052,0.010326821876793915
4998.93438000052,0.010353016222552592
4998.94438000052,0.01039230238860337
4998.95438000052,0.01044705411201199
4998.964380000521,0.01051950134907275
4998.974380000521,0.010611490285694894
4998.984380000521,0.010724516979670994
4998.994380000521,0.010859861139195473
4999.004380000521,0.011018731631266395
4999.014380000522,0.011202391906472275
4999.024380000522,0.011412253234265635
4999.034380000522,0.011649938289072433
4999.044380000522,0.011917328632540213
4999.0543800005225,0.012216608770899374
4999.064380000523,0.012550312638804828
4999.074380000523,0.012921374301886881
4999.084380000523,0.01333318420194013
4999.094380000523,0.013789652935018012
4999.104380000524,0.014295285552655404
4999.114380000524,0.014855271700365814
4999.124380000524,0.01547560117523061
4999.134380000524,0.01616321768589302
4999.1443800005245,0.016926218665305654
4999.154380000525,0.017774094466564336
4999.164380000525,0.018717992600836637
4999.174380000525,0.0197710098469013
4999.184380000525,0.02094854273771828
4999.194380000526,0.022268735280663924
4999.204380000526,0.023753052216260884
4999.214380000526,0.025426998519869643
4999.224380000526,0.02732101008160838
4999.2343800005265,0.029471550787907124
4999.244380000527,0.031922461009214594
4999.254380000527,0.03472660824133708
4999.264380000527,0.03794788828150918
4999.274380000527,0.04166360628413185
4999.284380000528,0.04596721540855595
4999.294380000528,0.05097127906015599
4999.304380000528,0.05681030053745022
4999.314380000528,0.06364263712847514
4999.324380000528,0.07164992598891075
4999.334380000529,0.08103106830702514
4999.344380000529,0.09198559067778246
4999.354380000529,0.10467805581666187
4999.364380000529,0.11917190148524705
4999.3743800005295,0.13532078114664894
4999.38438000053,0.152615932151427
4999.39438000053,0.17002185962322539
4999.40438000053,0.1858957716102867
4999.41438000053,0.19814549379148422
4999.424380000531,0.2047360717997585
4999.434380000531,0.20442009945540826
4999.444380000531,0.19727864501500283
4999.454380000531,0.18468018807124248
4999.4643800005315,0.16869050843918407
4999.474380000532,0.15135521923232584
4999.484380000532,0.134239240863752
4999.494380000532,0.11830763130891228
4999.504380000532,0.1040220430794014
4999.514380000533,0.09150424517879757
4999.524380000533,0.08068216392327052
4999.534380000533,0.07139240986507886
4999.544380000533,0.06344192093708023
4999.5543800005335,0.05663999245547534
4999.564380000534,0.05081230050185408
4999.574380000534,0.04580575765432166
4999.584380000534,0.04148935947320075
4999.594380000534,0.03775318974971241
4999.604380000535,0.03450623227299289
4999.614380000535,0.03167343255210033
4999.624380000535,0.029192683757265053
4999.634380000535,0.027012282993027034
4999.644380000535,0.02508898876422165
4999.654380000536,0.023386542882806872
4999.664380000536,0.021874494040065036
4999.674380000536,0.020527225579397124
4999.684380000536,0.01932314148890707
4999.6943800005365,0.018243986354559344
4999.704380000537,0.017274280945628905
4999.714380000537,0.01640085640874886
4999.724380000537,0.01561247106196397
4999.734380000537,0.01489949534332454
4999.744380000538,0.014253652385764596
4999.754380000538,0.013667803721151308
4999.764380000538,0.013135771743470097
4999.774380000538,0.012652192932844643
4999.7843800005385,0.01221239827110021
4999.794380000539,0.01181231835058642
4999.804380000539,0.011448408385572793
4999.814380000539,0.011117584328540799
4999.824380000539,0.010817162231313843
4999.83438000054,0.010544800545264335
4999.84438000054,0.010298450463892106
4999.85438000054,0.010076317203744706
4999.86438000054,0.009876830582717714
4999.87438000054,0.009698621738608372
4999.884380000541,0.009540503768914538
4999.894380000541,0.009401455244817804
4999.904380000541,0.009280606178148488
4999.914380000541,0.009177226242754142
4999.9243800005415,0.009090715084483897
4999.934380000542,0.009020594519124138
4999.944380000542,0.008966502404362767
4999.954380000542,0.008928188035158463
4999.964380000542,0.00890550902272429
4999.974380000543,0.008898429672158528
4999.984380000543,0.008907020776131407
4999.994380000543,0.00893146046646358
